"slug","profile_url","trading_name","legal_name","company_code","city","street_address","postcode","region_label","website","public_phone","contact_route_status","categories","public_source_urls","verification_date"
"baldu-arsenalas","https://www.baldininkai.org/gamintojas/baldu-arsenalas/","Baldų Arsenalas","UAB Baldų arsenalas","302667209","Vilnius","Kaniaviškių g. 6A-2, Vilnius","LT-11311","Vilnius, rytų ir pietų Lietuva","https://www.balduarsenalas.lt/","+370 637 66669","public_phone_and_contact_url","Virtuvės baldai | Spintos ir įmontuojami baldai | Miegamojo ir vonios baldai | Biuro ir komerciniai baldai","https://www.balduarsenalas.lt/ | https://rekvizitai.vz.lt/en/company/baldu_arsenalas/","2026-07-28"
"dgt-baldai","https://www.baldininkai.org/gamintojas/dgt-baldai/","DGT Baldai","UAB DGT Baldai","302668656","Vilnius","Ramybės g. 4-70, Vilnius","LT-02103","Vilnius, rytų ir pietų Lietuva","https://www.dgtbaldai.lt/","+370 687 15712","public_phone_and_contact_url","Virtuvės baldai | Spintos ir įmontuojami baldai | Miegamojo ir vonios baldai","https://www.dgtbaldai.lt/ | https://rekvizitai.vz.lt/en/company/dgt_baldai/","2026-07-28"
"sostines-baldai","https://www.baldininkai.org/gamintojas/sostines-baldai/","Sostinės baldai","UAB Sostinės baldai","300610679","Vilnius","Žirmūnų g. 70, ""KLASIKOS NAMAI"" 3 aukštas 11 kab., Vilnius","LT-09124","Vilnius, rytų ir pietų Lietuva","https://sostinesbaldai.lt/","+370 5 2388810","public_phone_and_contact_url","Virtuvės baldai | Miegamojo ir vonios baldai | Biuro ir komerciniai baldai | HoReCa ir prekybos baldai","https://sostinesbaldai.lt/ | https://www.info.lt/imones/Sostin%C4%97s-baldai-Ekspozicinis-salonas-UAB/2208855 | https://rekvizitai.vz.lt/en/company/sostines_baldai/","2026-07-28"
"busto-baldai","https://www.baldininkai.org/gamintojas/busto-baldai/","Būsto baldai","UAB Būsto baldai","302301884","Vilnius","Karaliaučiaus g. 6-178, Vilnius","","Vilnius, rytų ir pietų Lietuva","","+370 670 42430","public_phone","Kiti nestandartiniai baldai","https://rekvizitai.vz.lt/paieskos-frazes/Baldai+pagal+u%C5%BEsakym%C4%85/vilnius/ | https://rekvizitai.vz.lt/en/company/busto_baldai/","2026-07-28"
"baldu-nestandartas","https://www.baldininkai.org/gamintojas/baldu-nestandartas/","Baldų nestandartas","UAB Baldų nestandartas","305566069","Vilnius","Vaidagų g. 48, Vilnius","","Vilnius, rytų ir pietų Lietuva","https://nestandartas.lt/","+370 600 66860","public_phone_and_contact_url","Virtuvės baldai | Spintos ir įmontuojami baldai | Miegamojo ir vonios baldai","https://nestandartas.lt/ | https://rekvizitai.vz.lt/en/company/baldu_nestandartas/","2026-07-28"
"ar-bald","https://www.baldininkai.org/gamintojas/ar-bald/","Ar Bald","UAB Ar Bald","301722834","Vilnius","Žirmūnų g. 117-97, Vilnius","LT-09118","Vilnius, rytų ir pietų Lietuva","https://arbald.lt/","+370 656 52739","public_phone_and_contact_url","Virtuvės baldai | Spintos ir įmontuojami baldai | Miegamojo ir vonios baldai | Biuro ir komerciniai baldai | Medžio darbai ir medžio masyvo baldai","https://arbald.lt/ | https://arbald.lt/en/home-2/ | https://rekvizitai.vz.lt/en/company/ar_bald/","2026-07-28"
"evaldo-baldai","https://www.baldininkai.org/gamintojas/evaldo-baldai/","Evaldo baldai","UAB Evaldo baldai","303053420","Vilnius","Bedugnės g. 7-2, Vilnius","","Vilnius, rytų ir pietų Lietuva","","+370 676 42229","public_phone","Kiti nestandartiniai baldai","https://www.info.lt/imones/Evaldo-baldai-UAB/2335694 | https://rekvizitai.vz.lt/en/company/evaldo_baldai/","2026-07-28"
"viruna","https://www.baldininkai.org/gamintojas/viruna/","Viruna","UAB Virūna","134208094","Vilnius","Baldininkų g. 13, Karmėlava, Kauno r.","LT-54448","Vilnius, rytų ir pietų Lietuva","https://viruna.lt/pages/about","+370 37 311143","public_phone_and_contact_url","Kiti nestandartiniai baldai","https://viruna.lt/pages/about | https://www.1551.lt/viruna-uab-119617/ | https://rekvizitai.vz.lt/en/company/viruna/","2026-07-28"
"fitsout","https://www.baldininkai.org/gamintojas/fitsout/","FITSOUT","UAB Fitsout","304497638","Vilnius","Saltoniškių g. 29, Vilnius","LT-08105","Vilnius, rytų ir pietų Lietuva","https://fitsout.com/","+370 655 51537","public_phone_and_contact_url","HoReCa ir prekybos baldai","https://fitsout.com/ | https://rekvizitai.vz.lt/en/company/fitsout/","2026-07-28"
"enven","https://www.baldininkai.org/gamintojas/enven/","ENVEN","UAB Inovaciniai virtuozai","303342065","Vilnius","J. Galvydžio g. 5, Vilnius","LT-08236","Vilnius, rytų ir pietų Lietuva","https://enven.lt/","+370 604 21851","public_phone_and_contact_url","Biuro ir komerciniai baldai | HoReCa ir prekybos baldai","https://enven.lt/ | https://rekvizitai.vz.lt/en/company/inovaciniai_virtuozai/","2026-07-28"
"solid-supply","https://www.baldininkai.org/gamintojas/solid-supply/","Solid Supply","UAB Solid Supply","302250870","Vilnius","Eišiškių pl. 34, Vilnius","LT-02184","Vilnius, rytų ir pietų Lietuva","https://www.solidsupply.com/","+370 687 33755","public_phone_and_contact_url","HoReCa ir prekybos baldai","https://www.solidsupply.com/ | https://rekvizitai.vz.lt/en/company/uab_solid_supply/","2026-07-28"
"kigi-lt","https://www.baldininkai.org/gamintojas/kigi-lt/","KIGI LT","UAB KIGI LT","303334307","Vilnius","V. Nagevičiaus g. 3, Vilnius","","Vilnius, rytų ir pietų Lietuva","","+370 654 70905","public_phone","Kiti nestandartiniai baldai","https://rekvizitai.vz.lt/paieskos-frazes/AS-Baldai/ | https://rekvizitai.vz.lt/en/company/sedile/","2026-07-28"
"saltum","https://www.baldininkai.org/gamintojas/saltum/","Saltum","UAB Saltum","302486237","Ąžuolinės k., Vilniaus r.","Prašiškių gatvė 53, Ąžuolinės k., Vilniaus r.","LT-14332","Vilnius, rytų ir pietų Lietuva","","+370 608 44489","public_phone","Kiti nestandartiniai baldai","https://www.1551.lt/saltum-uab-193942/ | https://rekvizitai.vz.lt/en/company/saltum/","2026-07-28"
"ukas","https://www.baldininkai.org/gamintojas/ukas/","Ūkas","UAB Ūko baldai","302335947","Vilnius","J. Basanavičiaus g. 14","LT-03224","Vilnius, rytų ir pietų Lietuva","https://www.ukas.lt/en/","","public_contact_url","Biuro ir komerciniai baldai | HoReCa ir prekybos baldai","https://www.ukas.lt/en/ | https://rekvizitai.vz.lt/en/company/uko_baldai_uab/","2026-07-28"
"protingi-baldai","https://www.baldininkai.org/gamintojas/protingi-baldai/","Protingi baldai","UAB Protingi baldai","302652602","Vilnius","Šaltkalvių g. 20-45, Vilnius","LT-02178","Vilnius, rytų ir pietų Lietuva","","+370 657 42519","public_phone","Virtuvės baldai | Spintos ir įmontuojami baldai | Miegamojo ir vonios baldai","https://geltoni.lt/imones/protingi-baldai-uab/19598 | https://rekvizitai.vz.lt/en/company/uab_protingi_baldai/","2026-07-28"
"baldu-profesionalai","https://www.baldininkai.org/gamintojas/baldu-profesionalai/","Baldų profesionalai","UAB Baldų profesionalai","300154930","Vilnius","Krokuvos g. 3-2A, Vilnius","","Vilnius, rytų ir pietų Lietuva","","+370 5 2388834","public_phone","Virtuvės baldai | Medžio darbai ir medžio masyvo baldai","https://www.1551.lt/baldu-profesionalai-uab-159565/ | https://rekvizitai.vz.lt/en/company/baldu_profesionalai/","2026-07-28"
"l-a-r-a","https://www.baldininkai.org/gamintojas/l-a-r-a/","L.A.R.A.","UAB Lino baldai","301531779","Vilnius","Mokyklos g. 13, Bukiškis, Vilniaus r.","LT-14182","Vilnius, rytų ir pietų Lietuva","","+370 615 63101","public_phone","Virtuvės baldai | Miegamojo ir vonios baldai | Biuro ir komerciniai baldai","https://www.1551.lt/lino-baldai-uab-158961/ | https://rekvizitai.vz.lt/en/company/lino_baldai/","2026-07-28"
"albruva","https://www.baldininkai.org/gamintojas/albruva/","Albruva","UAB Albruva","124637939","Vilnius","Gedvydžių g. 27-6, Vilnius","LT-06311","Vilnius, rytų ir pietų Lietuva","","+370 699 47533","public_phone","Medžio darbai ir medžio masyvo baldai","https://www.1551.lt/albruva-uab-mediniai-baldai-mediniu-baldu-gamyba-vilniuje-101510/ | https://rekvizitai.vz.lt/en/company/albruva/","2026-07-28"
"baltic-master","https://www.baldininkai.org/gamintojas/baltic-master/","Baltic Master","UAB Baltic Master","121944712","Vilnius","Dariaus ir Girėno g. 175, Vilnius","LT-02189","Vilnius, rytų ir pietų Lietuva","https://www.balticmaster.lt/","+370 5 2306520","public_phone_and_contact_url","Metalo ir mišrių medžiagų baldai","https://www.balticmaster.lt/ | https://rekvizitai.vz.lt/en/companies/restaurant_equipment/vilnius/ | https://rekvizitai.vz.lt/en/company/baltic_master/","2026-07-28"
"tvilis","https://www.baldininkai.org/gamintojas/tvilis/","TVILIS","UAB TVILIS","302506330","Vilnius","Vilkpėdės g. 22, Vilnius","","Vilnius, rytų ir pietų Lietuva","","+370 640 22033","public_phone","Virtuvės baldai | Spintos ir įmontuojami baldai | Biuro ir komerciniai baldai","https://paslaugos.lt/baldziai/nestandartiniu-baldu-gamyba/vilniuje | https://rekvizitai.vz.lt/en/company/tvilis/","2026-07-28"
"jumika","https://www.baldininkai.org/gamintojas/jumika/","Jumika","UAB Jumika","304436998","Vilnius","Bažnyčios g. 53, Butrimonių k., Šalčininkų r.","","Vilnius, rytų ir pietų Lietuva","","+370 601 51080","public_phone","Kiti nestandartiniai baldai","https://www.info.lt/paieska/baldai+pagal+individual%C5%B3+u%C5%BEsakym%C4%85/Vilnius | https://rekvizitai.vz.lt/en/company/jumika/","2026-07-28"
"ergolain","https://www.baldininkai.org/gamintojas/ergolain/","Ergolain","UAB Ergolain projektai","110861884","Vilnius","Baltijos pr. 123-20, Klaipėda","LT-93224","Vilnius, rytų ir pietų Lietuva","https://www.ergolain.lt/en/about-us/","+370 46 421142","public_phone_and_contact_url","Biuro ir komerciniai baldai","https://www.ergolain.lt/en/about-us/ | https://www.ergolain.lt/en/services/ | https://rekvizitai.vz.lt/en/company/ergolain/","2026-07-28"
"baldu-mada","https://www.baldininkai.org/gamintojas/baldu-mada/","Baldų Mada","UAB Baldų mada","306208858","Vilnius","Gariūnu g. 57-21, Vilnius","LT-02300","Vilnius, rytų ir pietų Lietuva","https://baldumada.lt/","+370 605 30390","public_phone_and_contact_url","Virtuvės baldai | Miegamojo ir vonios baldai | Biuro ir komerciniai baldai","https://baldumada.lt/ | https://rekvizitai.vz.lt/en/company/baldu_mada/","2026-07-28"
"piritas","https://www.baldininkai.org/gamintojas/piritas/","Piritas","MB Piritas","304067896","Vilnius","Rodūnios kel. 11, Vilnius","LT-02189","Vilnius, rytų ir pietų Lietuva","https://www.piritas.lt/en/","+370 698 31935","public_phone_and_contact_url","Kiti nestandartiniai baldai","https://www.piritas.lt/en/ | https://rekvizitai.vz.lt/en/company/piritas/","2026-07-28"
"vafer","https://www.baldininkai.org/gamintojas/vafer/","Vafer","UAB Vafer","305222538","Vilnius","Partizanų g. 61-806, Kaunas","LT-49282","Vilnius, rytų ir pietų Lietuva","https://vafer.lt/","+370 627 70177","public_phone_and_contact_url","HoReCa ir prekybos baldai","https://vafer.lt/ | https://rekvizitai.vz.lt/en/company/vafer/","2026-07-28"
"baldu-rubai","https://www.baldininkai.org/gamintojas/baldu-rubai/","Baldų Rūbai","UAB Muse LT","303129505","Vilnius","Preilos g. 39-19, Neringa","LT-93129","Vilnius, rytų ir pietų Lietuva","https://www.baldurubai.lt/en/services/custom-made-furniture/","+370 618 25522","public_phone_and_contact_url","Minkšti baldai pagal užsakymą","https://www.baldurubai.lt/en/services/custom-made-furniture/ | https://www.baldurubai.lt/ | https://rekvizitai.vz.lt/en/company/muse_lt/","2026-07-28"
"baldai-uoga","https://www.baldininkai.org/gamintojas/baldai-uoga/","Baldai Uoga","","302301724","Vilnius","Gamyklos g. 10","LT-13210","Vilnius, rytų ir pietų Lietuva","http://www.baldaiuoga.lt/","","public_contact_url","Virtuvės baldai | Spintos ir įmontuojami baldai | Miegamojo ir vonios baldai","http://www.baldaiuoga.lt/ | https://rekvizitai.vz.lt/en/company/uab_ramzo/ | https://get.data.gov.lt/datasets/gov/rc/ar/adresai/Adresas/3c578148-a1ae-4026-b5fe-d3815e7b03b0","2026-07-28"
"baldai-j-g","https://www.baldininkai.org/gamintojas/baldai-j-g/","Baldai J&G","","304248359","Vilnius","Kaimelio g. 9","LT-21342","Vilnius, rytų ir pietų Lietuva","https://www.baldaijng.lt/nestandartiniu-baldu-gamyba-vilniuje/","","public_contact_url","Virtuvės baldai | Spintos ir įmontuojami baldai | Miegamojo ir vonios baldai","https://www.baldaijng.lt/nestandartiniu-baldu-gamyba-vilniuje/ | https://rekvizitai.vz.lt/en/company/jono_ir_giedriaus_baldai/ | https://get.data.gov.lt/datasets/gov/rc/ar/adresai/Adresas/cb94875a-1649-4ce7-8ae2-c003a6d10245","2026-07-28"
"sole-lt","https://www.baldininkai.org/gamintojas/sole-lt/","Sole LT","UAB Sole LT","304135354","Lentvaris, Trakų r.","Kęstučio g. 1M, Lentvaris, Trakų r.","LT-25124","Vilnius, rytų ir pietų Lietuva","","+370 648 65343","public_phone","Metalo ir mišrių medžiagų baldai","https://www.info.lt/paieska/baldu+gamyba/Trakai | https://rekvizitai.vz.lt/en/company/sole_lt/","2026-07-28"
"alytaus-baldai","https://www.baldininkai.org/gamintojas/alytaus-baldai/","Alytaus baldai","UAB Alytaus baldai","302570870","Alytus","Saulės g. 74, Balkūnų k., Alytaus r.","LT-64231","Vilnius, rytų ir pietų Lietuva","https://alytausbaldai.lt/","+370 670 88841","public_phone_and_contact_url","Virtuvės baldai | Biuro ir komerciniai baldai | Metalo ir mišrių medžiagų baldai","https://alytausbaldai.lt/ | https://rekvizitai.vz.lt/en/company/alytaus_baldai/","2026-07-28"
"surgede","https://www.baldininkai.org/gamintojas/surgede/","Surgėdė","UAB Surgėdė","149887466","Alytus","Naujoji g. 132a, Alytus","LT-62175","Vilnius, rytų ir pietų Lietuva","","+370 616 92004","public_phone","Virtuvės baldai | Miegamojo ir vonios baldai","https://www.1551.lt/surgede-uab-nestandartiniai-virtuves-miegamojo-svetaines-baldai-gamyba-pagal-uzsakymus-alytus-pietu-lietuva-244871/ | https://rekvizitai.vz.lt/en/company/uzdaroji_akcine_bendrove_surgede/","2026-07-28"
"emlitos-baldai","https://www.baldininkai.org/gamintojas/emlitos-baldai/","Emlitos baldai","UAB Emlitos baldai","304337352","Alytus","Kauno g. 4, Miklusėnų k., Alytaus r.","LT-62475","Vilnius, rytų ir pietų Lietuva","","+370 612 90416","public_phone","Virtuvės baldai | Spintos ir įmontuojami baldai | Miegamojo ir vonios baldai | Biuro ir komerciniai baldai","https://www.1551.lt/emlitos-baldai-uab-253406/ | https://rekvizitai.vz.lt/en/company/emlitos_baldai/","2026-07-28"
"alsot-alsotana","https://www.baldininkai.org/gamintojas/alsot-alsotana/","Alsot / Alsotana","UAB Alsotana","150163314","Alytus","Pramonės g. 35C, Alytus","LT-62175","Vilnius, rytų ir pietų Lietuva","https://www.alsot.lt/en/about-us","+370 315 43209","public_phone_and_contact_url","Biuro ir komerciniai baldai | HoReCa ir prekybos baldai","https://www.alsot.lt/en/about-us | https://rekvizitai.vz.lt/en/company/alsotana/","2026-07-28"
"mwood","https://www.baldininkai.org/gamintojas/mwood/","MWood","UAB MWood","302597547","Alytus","Tvenkinių g. 8A-54, Šakių k., Kauno r.","LT-47413","Vilnius, rytų ir pietų Lietuva","","+370 676 35696","public_phone","Miegamojo ir vonios baldai | Medžio darbai ir medžio masyvo baldai","https://www.info.lt/imones/MWood-UAB/2269900 | https://rekvizitai.vz.lt/en/company/mwood/","2026-07-28"
"uosis","https://www.baldininkai.org/gamintojas/uosis/","Uosis","UAB Uosis","176520937","Utena","Balsiai, Šilalės r.","LT-75102","Vilnius, rytų ir pietų Lietuva","","+370 449 74110","public_phone","Kiti nestandartiniai baldai","https://www.1551.lt/uosis-uab-68804/ | https://rekvizitai.vz.lt/en/company/uosis/","2026-07-28"
"balzena","https://www.baldininkai.org/gamintojas/balzena/","Balzena","IĮ Balzena","284216290","Utena","Taikos g. 29-2, Utena","LT-28167","Vilnius, rytų ir pietų Lietuva","","+370 618 50455","public_phone","Kiti nestandartiniai baldai","https://www.1551.lt/balzena-ii-75641/ | https://rekvizitai.vz.lt/en/company/balzena/","2026-07-28"
"triobalda","https://www.baldininkai.org/gamintojas/triobalda/","Triobalda","","305202286","Utena","Šakių g. 34, Suginčių k., Molėtų r.","LT-33334","Vilnius, rytų ir pietų Lietuva","https://triobalda.lt/","+370 626 51100","public_phone_and_contact_url","Virtuvės baldai | Spintos ir įmontuojami baldai | Miegamojo ir vonios baldai","https://triobalda.lt/ | https://rekvizitai.vz.lt/en/company/triobalda/","2026-07-28"
"xbaldai","https://www.baldininkai.org/gamintojas/xbaldai/","XBALDAI","UAB Molėtų baldai","304729862","Molėtai","Moletūno g. 17, Ažubaliai, Molėtų r.","LT-33103","Vilnius, rytų ir pietų Lietuva","","+370 616 73438","public_phone","Kiti nestandartiniai baldai","https://www.info.lt/imones/Mol%C4%97t%C5%B3-baldai-UAB/2412285 | https://rekvizitai.vz.lt/en/company/moletu_baldai/","2026-07-28"
"x-baldai","https://www.baldininkai.org/gamintojas/x-baldai/","X Baldai","D. Bražionio IVV","100016141710","Anykščių r.","","","Vilnius, rytų ir pietų Lietuva","","","no_public_contact_route","Medžio darbai ir medžio masyvo baldai","https://www.1551.lt/medienos-gaminiai/anyksciai/ | https://www.xbaldai.lt/","2026-07-28"
"baldgama","https://www.baldininkai.org/gamintojas/baldgama/","Baldgama","UAB Baldgama","302558989","Marijampolė","Statybininkų g. 6A-1, Marijampolė","","Vilnius, rytų ir pietų Lietuva","https://www.baldgama.lt/","+370 656 74047","public_phone_and_contact_url","Virtuvės baldai | Spintos ir įmontuojami baldai | Miegamojo ir vonios baldai | Biuro ir komerciniai baldai | HoReCa ir prekybos baldai","https://www.baldgama.lt/ | https://rekvizitai.vz.lt/en/company/baldgama/","2026-07-28"
"jogusta","https://www.baldininkai.org/gamintojas/jogusta/","Jogusta","UAB Jogusta","304231819","Marijampolė","Užtvankos g. 31-1, Marijampolė","","Vilnius, rytų ir pietų Lietuva","","+37065475140","public_phone","Minkšti baldai pagal užsakymą","https://www.1551.lt/jogusta-uab-160707/ | https://rekvizitai.vz.lt/en/company/jogusta/","2026-07-28"
"furnera","https://www.baldininkai.org/gamintojas/furnera/","Furnera","UAB Furnera","302707212","Marijampolė","Gamyklų g. 4, Marijampolė","LT-68108","Vilnius, rytų ir pietų Lietuva","https://furnera.lt/","+370 655 75456","public_phone_and_contact_url","Virtuvės baldai | Spintos ir įmontuojami baldai | Miegamojo ir vonios baldai | Biuro ir komerciniai baldai","https://furnera.lt/ | https://rekvizitai.vz.lt/en/company/furnera/","2026-07-28"
"barsis","https://www.baldininkai.org/gamintojas/barsis/","Barsis","UAB Barsis","151156970","Trakiškių k., Marijampolės sav.","Lauko g. 3, Trakiškių k., Marijampolė","LT-69492","Vilnius, rytų ir pietų Lietuva","","+370 676 35222","public_phone","Virtuvės baldai | Medžio darbai ir medžio masyvo baldai","https://www.1551.lt/barsis-uab-106611/ | https://rekvizitai.vz.lt/en/company/barsis/","2026-07-28"
"rimbalda","https://www.baldininkai.org/gamintojas/rimbalda/","Rimbalda","UAB Rimbalda","303034701","Baraginės k., Marijampolės sav.","Jaunimo g. 2A, Baraginės k., Marijampolė","LT-69491","Vilnius, rytų ir pietų Lietuva","https://rimbalda.lt/baldu-gamyba/","+370 614 97499","public_phone_and_contact_url","Virtuvės baldai | Spintos ir įmontuojami baldai | Miegamojo ir vonios baldai | Biuro ir komerciniai baldai","https://rimbalda.lt/baldu-gamyba/ | https://rimbalda.lt/ | https://rekvizitai.vz.lt/en/company/rimbalda/","2026-07-28"
"diforma","https://www.baldininkai.org/gamintojas/diforma/","Diforma","UAB Diforma","159848262","Kumpiai, Kaunas d.","Verslo g. 7, Kumpių k., Kauno r.","LT-54311","Kaunas ir šiaurės Lietuva","https://diforma.lt/lt/baldu-gamyba","+370 37 312569","public_phone_and_contact_url","Virtuvės baldai | Spintos ir įmontuojami baldai | Miegamojo ir vonios baldai | Biuro ir komerciniai baldai","https://diforma.lt/lt/baldu-gamyba | https://geltoni.lt/imones/diforma-uab/19119 | https://rekvizitai.vz.lt/en/company/diforma/","2026-07-28"
"daimira","https://www.baldininkai.org/gamintojas/daimira/","Daimira","UAB Daimira","304392530","Kaunas","Europos pr. 72, Kaunas","LT-46352","Kaunas ir šiaurės Lietuva","https://www.daimira.lt/","+370 698 44983","public_phone_and_contact_url","Virtuvės baldai | Spintos ir įmontuojami baldai | Miegamojo ir vonios baldai","https://www.daimira.lt/ | https://rekvizitai.vz.lt/en/company/daimira/","2026-07-28"
"baldziai","https://www.baldininkai.org/gamintojas/baldziai/","Baldžiai","UAB Baldžiai","301735664","Kaunas","Draugystės g. 19, Kaunas","","Kaunas ir šiaurės Lietuva","https://baldziai.lt/","+370 682 31020","public_phone_and_contact_url","Virtuvės baldai | Spintos ir įmontuojami baldai | Miegamojo ir vonios baldai | Biuro ir komerciniai baldai | HoReCa ir prekybos baldai","https://baldziai.lt/ | https://rekvizitai.vz.lt/en/company/baldziai/","2026-07-28"
"jusu-baldai","https://www.baldininkai.org/gamintojas/jusu-baldai/","Jūsų baldai","UAB Obras","302889277","Kaunas","Bivylių g. 207, Kaunas","","Kaunas ir šiaurės Lietuva","https://jusubaldai.lt/","+370 685 72355","public_phone_and_contact_url","Virtuvės baldai | Spintos ir įmontuojami baldai | Miegamojo ir vonios baldai | Biuro ir komerciniai baldai","https://jusubaldai.lt/ | https://geltoni.lt/imones/obras-uab/18169 | https://rekvizitai.vz.lt/en/company/obras/","2026-07-28"
"olideja","https://www.baldininkai.org/gamintojas/olideja/","Olidėja","UAB Olidėja","302341900","Kaunas","Chemijos g. 17C, Kaunas","LT-49423","Kaunas ir šiaurės Lietuva","https://olideja.lt/","+370 614 84875","public_phone_and_contact_url","Virtuvės baldai | Spintos ir įmontuojami baldai | Miegamojo ir vonios baldai | Biuro ir komerciniai baldai","https://olideja.lt/ | https://geltoni.lt/imones/olideja-uab/19190 | https://rekvizitai.vz.lt/en/company/uab_olideja/","2026-07-28"
"skliautai","https://www.baldininkai.org/gamintojas/skliautai/","Skliautai","UAB Skliautai","132613681","Kaunas","V. Landsbergio-Žemkalnio g. 13-42, Kaunas","LT-49297","Kaunas ir šiaurės Lietuva","https://skliautai.com/","+370 37 452493","public_phone_and_contact_url","Kiti nestandartiniai baldai","https://skliautai.com/ | http://www.baldai.com/imoniu-katalogas/uab-skliautai | https://rekvizitai.vz.lt/en/company/skliautai/","2026-07-28"
"baldai4u","https://www.baldininkai.org/gamintojas/baldai4u/","Baldai4u","UAB Baldai4u","302836940","Kaunas","Baltų pr. 11, Kaunas","LT-48232","Kaunas ir šiaurės Lietuva","https://baldai4u.lt/mes/apie-mus/","+370 648 05423","public_phone_and_contact_url","Virtuvės baldai | Spintos ir įmontuojami baldai | Miegamojo ir vonios baldai | Biuro ir komerciniai baldai","https://baldai4u.lt/mes/apie-mus/ | https://rekvizitai.vz.lt/en/company/uab_baldai4u/","2026-07-28"
"eigida","https://www.baldininkai.org/gamintojas/eigida/","Eigida","UAB Eigida","300655610","Kaunas","Darbo g. 12, Kaunas","LT-52104","Kaunas ir šiaurės Lietuva","https://eigida.lt/","+370 677 69600","public_phone_and_contact_url","Biuro ir komerciniai baldai","https://eigida.lt/ | https://rekvizitai.vz.lt/en/company/eigida/","2026-07-28"
"furnitus","https://www.baldininkai.org/gamintojas/furnitus/","Furnitus","UAB Furnitus","302754639","Domeikava/Karmėlava, Kaunas d.","Pakalnės g. 26, Domeikavos k., Kauno r.","LT-54354","Kaunas ir šiaurės Lietuva","https://www.furnitus.lt/","+370 655 51230","public_phone_and_contact_url","Virtuvės baldai | Spintos ir įmontuojami baldai | Miegamojo ir vonios baldai | Biuro ir komerciniai baldai","https://www.furnitus.lt/ | https://rekvizitai.vz.lt/en/company/virtuves_baldai/","2026-07-28"
"tg-baldai","https://www.baldininkai.org/gamintojas/tg-baldai/","TG Baldai","UAB TG baldai","302839107","Kaunas","Chemijos g. 17A, Kaunas","LT-51332","Kaunas ir šiaurės Lietuva","https://tgbaldai.lt/","+370 674 55455","public_phone_and_contact_url","Virtuvės baldai","https://tgbaldai.lt/ | https://rekvizitai.vz.lt/en/company/tg_baldai/","2026-07-28"
"currus","https://www.baldininkai.org/gamintojas/currus/","Currus","UAB Currus","135249464","Ramučiai/Kaunas","Rasytės g. 36-7, Kaunas","LT-48116","Kaunas ir šiaurės Lietuva","https://currus.lt/","+370 670 33244","public_phone_and_contact_url","Virtuvės baldai | Spintos ir įmontuojami baldai | Miegamojo ir vonios baldai | Biuro ir komerciniai baldai | HoReCa ir prekybos baldai","https://currus.lt/ | https://www.1551.lt/currus-uab-121420/ | https://rekvizitai.vz.lt/en/company/currus/","2026-07-28"
"balduva","https://www.baldininkai.org/gamintojas/balduva/","Balduva","UAB Balduva","135067433","Kaunas","A. Mickevičiaus g. 43-1, Kaunas","","Kaunas ir šiaurės Lietuva","https://kietibaldai.lt/en/","+370 607 18069","public_phone_and_contact_url","Kiti nestandartiniai baldai","https://kietibaldai.lt/en/ | https://geltoni.lt/imones/balduva-uab/19106 | https://rekvizitai.vz.lt/en/company/balduva/","2026-07-28"
"rolando-baldai","https://www.baldininkai.org/gamintojas/rolando-baldai/","Rolando baldai","MB Jorova","304839718","Neveronys, Kaunas d.","Davalgonių g. 13, Neveronių k., Kauno r.","LT-54485","Kaunas ir šiaurės Lietuva","https://www.rolandobaldai.lt/","+370 698 16266","public_phone_and_contact_url","Virtuvės baldai | Spintos ir įmontuojami baldai | Miegamojo ir vonios baldai | Biuro ir komerciniai baldai | Medžio darbai ir medžio masyvo baldai","https://www.rolandobaldai.lt/ | https://www.info.lt/rubrika/Bald%C5%B3-gamyba/100419717/Kaunas | https://rekvizitai.vz.lt/en/company/jorova/","2026-07-28"
"top-sofa","https://www.baldininkai.org/gamintojas/top-sofa/","TOP Sofa","UAB Balticsofa","302681283","Kaunas","Jonavos g. 254, Kaunas","LT-44110","Kaunas ir šiaurės Lietuva","https://topsofa.lt/en/main-2/","+370 603 81391","public_phone_and_contact_url","Biuro ir komerciniai baldai | HoReCa ir prekybos baldai | Minkšti baldai pagal užsakymą","https://topsofa.lt/en/main-2/ | https://rekvizitai.vz.lt/en/company/top_sofa/","2026-07-28"
"baldu-noras","https://www.baldininkai.org/gamintojas/baldu-noras/","Baldų noras","UAB Baldų noras","304449294","Šiauliai","Betygalos g. 31, Skirmantiškės k., Raseinių r.","LT-60473","Kaunas ir šiaurės Lietuva","https://www.baldunoras.lt/","+370 604 50130","public_phone_and_contact_url","Virtuvės baldai | Spintos ir įmontuojami baldai | Miegamojo ir vonios baldai | HoReCa ir prekybos baldai","https://www.baldunoras.lt/ | https://www.info.lt/imones/Bald%C5%B3-noras-UAB/2396097 | https://rekvizitai.vz.lt/en/company/baldu_noras/","2026-07-28"
"arta","https://www.baldininkai.org/gamintojas/arta/","ARTA","A. Burgailos įmonė „Arta“","144333114","Kairiai/Šiauliai","J. Basanavičiaus g. 129C","LT-76129","Kaunas ir šiaurės Lietuva","https://arta.lt/","+37061730770","public_phone_and_contact_url","Virtuvės baldai | Spintos ir įmontuojami baldai | Biuro ir komerciniai baldai","https://arta.lt/ | https://get.data.gov.lt/datasets/gov/rc/jar/iregistruoti/JuridinisAsmuo | https://rekvizitai.vz.lt/en/company/arta_a_burgailos_imone/","2026-07-28"
"tomer-s","https://www.baldininkai.org/gamintojas/tomer-s/","Tomer's","Tomers, baldų meistrai","100013055819","Gruzdžiai, Šiauliai d.","","","Kaunas ir šiaurės Lietuva","https://www.tomers.lt/en","","public_contact_url","Kiti nestandartiniai baldai","https://www.tomers.lt/en | https://www.tomers.lt/en/about-us","2026-07-28"
"ergosta","https://www.baldininkai.org/gamintojas/ergosta/","Ergosta","UAB Ergosta","304033050","Sutkūnai, Šiauliai d.","Sutkūnų g. 7, Sutkūnų k., Šiaulių r.","","Kaunas ir šiaurės Lietuva","https://ergosta.lt/","+370 616 75372","public_phone_and_contact_url","Biuro ir komerciniai baldai","https://ergosta.lt/ | https://www.statyba.lt/imones/Ergosta-UAB/2378691 | https://rekvizitai.vz.lt/en/company/ergosta/","2026-07-28"
"todrus","https://www.baldininkai.org/gamintojas/todrus/","Todrus","MB Todrus","306217768","Šiauliai","Jaugirdo g. 6, Kairiai, Šiaulių r.","LT-80115","Kaunas ir šiaurės Lietuva","https://rekvizitai.vz.lt/en/company/todrus/","+370 648 95957","public_phone_and_contact_url","Medžio darbai ir medžio masyvo baldai","https://rekvizitai.vz.lt/en/company/todrus/ | https://www.info.lt/rubrika/Bald%C5%B3-gamyba/100419717/%C5%A0iauliai","2026-07-28"
"stonkai","https://www.baldininkai.org/gamintojas/stonkai/","Stonkai","UAB Stonkai","303167178","Šiauliai","Televizorių g. 4-5, Šiauliai","LT-78137","Kaunas ir šiaurės Lietuva","https://rekvizitai.vz.lt/en/company/stonkai/","+370 687 83945","public_phone_and_contact_url","Virtuvės baldai | Spintos ir įmontuojami baldai | Miegamojo ir vonios baldai | Biuro ir komerciniai baldai | HoReCa ir prekybos baldai | Medžio darbai ir medžio masyvo baldai","https://rekvizitai.vz.lt/en/company/stonkai/","2026-07-28"
"baldu-profai","https://www.baldininkai.org/gamintojas/baldu-profai/","Baldų profai","UAB Delvisa","304773403","Vileikiai, Šiauliai d.","Vileikių k. 9, Vileikių k., Šiaulių r.","","Kaunas ir šiaurės Lietuva","https://www.facebook.com/balduprofai/","+370 684 77062","public_phone_and_contact_url","Virtuvės baldai | Miegamojo ir vonios baldai","https://www.facebook.com/balduprofai/ | https://balduprofai.lt/ | https://get.data.gov.lt/datasets/gov/rc/jar/iregistruoti/JuridinisAsmuo | https://rekvizitai.vz.lt/en/company/delvisa/","2026-07-28"
"solo-baldai","https://www.baldininkai.org/gamintojas/solo-baldai/","SOLO baldai","UAB SOLO baldai","301539861","Šiauliai","Švendrelio g. 19, Dainų k., Šiaulių r.","LT-77210","Kaunas ir šiaurės Lietuva","http://solobaldai.lt/","+370 610 62893","public_phone_and_contact_url","Kiti nestandartiniai baldai","http://solobaldai.lt/ | https://paslaugos24.lt/teikejas/1965 | https://rekvizitai.vz.lt/en/company/ii_solo_baldai/","2026-07-28"
"venta","https://www.baldininkai.org/gamintojas/venta/","VENTA","UAB Venta LT","302249074","Šiauliai","J. Basanavičiaus g. 69, Šiauliai","","Kaunas ir šiaurės Lietuva","http://www.venta.lt/","+370 615 42206","public_phone_and_contact_url","Kiti nestandartiniai baldai","http://www.venta.lt/ | https://rekvizitai.vz.lt/en/company/venta_lt/","2026-07-28"
"raibaldera","https://www.baldininkai.org/gamintojas/raibaldera/","Raibaldera","UAB Raibaldera","306210179","Šiauliai","Energetikų g. 1B-14, Šiauliai","LT-79238","Kaunas ir šiaurės Lietuva","https://rekvizitai.vz.lt/en/company/raibaldera/","+370 602 83624","public_phone_and_contact_url","Kiti nestandartiniai baldai","https://rekvizitai.vz.lt/en/company/raibaldera/ | https://paslaugos.lt/baldu-gamyba/siauliuose","2026-07-28"
"ag-baldai","https://www.baldininkai.org/gamintojas/ag-baldai/","AG Baldai","UAB AG Baldai","301736549","Degaičiai, Telšiai d.","Degaičių g. 14D, Degaičių k., Telšių r.","","Kaunas ir šiaurės Lietuva","https://www.agbaldai.lt/","+370 612 95338","public_phone_and_contact_url","Spintos ir įmontuojami baldai | Biuro ir komerciniai baldai","https://www.agbaldai.lt/ | https://scoris.lt/imone/301736549 | https://rekvizitai.vz.lt/en/company/uab_ag_baldai/","2026-07-28"
"tvirtas-baldas","https://www.baldininkai.org/gamintojas/tvirtas-baldas/","Tvirtas baldas","UAB Tvirtas baldas","305282439","Telšiai","Pirties g. 1, Buožėnų k., Telšių r.","LT-88437","Kaunas ir šiaurės Lietuva","https://www.1551.lt/tvirtas-baldas-uab-nestandartiniai-baldai-pagal-uzsakymus-baldu-projektavimas-baldu-gamyba-telsiai-visa-lietuva-253455/","+370 694 95888","public_phone_and_contact_url","Virtuvės baldai | Miegamojo ir vonios baldai | Biuro ir komerciniai baldai","https://www.1551.lt/tvirtas-baldas-uab-nestandartiniai-baldai-pagal-uzsakymus-baldu-projektavimas-baldu-gamyba-telsiai-visa-lietuva-253455/ | https://scoris.lt/imone/305282439 | https://rekvizitai.vz.lt/en/company/tvirtas_baldas/","2026-07-28"
"aurimo-baldai","https://www.baldininkai.org/gamintojas/aurimo-baldai/","Aurimo baldai","","2413959","Telšiai","","","Kaunas ir šiaurės Lietuva","","","no_public_contact_route","Virtuvės baldai | Spintos ir įmontuojami baldai | Miegamojo ir vonios baldai | Biuro ir komerciniai baldai","https://www.info.lt/imones/Aurimo-baldai/2413959 | https://aurimobaldai.lt/","2026-07-28"
"zemaituko-dirbtuves","https://www.baldininkai.org/gamintojas/zemaituko-dirbtuves/","Žemaituko dirbtuvės","MB Žemaituko dirbtuvės","304500493","Nevarėnai, Telšiai d.","Žalioji g. 2, Nevarėnai, Telšių r.","","Kaunas ir šiaurės Lietuva","https://scoris.lt/imone/304500493","+370 626 21137","public_phone_and_contact_url","Kiti nestandartiniai baldai","https://scoris.lt/imone/304500493 | https://rekvizitai.vz.lt/en/company/zemaituko_dirbtuves/","2026-07-28"
"meistrine","https://www.baldininkai.org/gamintojas/meistrine/","Meistrinė","UAB Meistrinė","305193022","Telšiai","Šiaulių pl. 18, Telšiai","","Kaunas ir šiaurės Lietuva","http://www.meistrine.lt/","+370 694 91444","public_phone_and_contact_url","Kiti nestandartiniai baldai","http://www.meistrine.lt/ | https://www.info.lt/imones/Meistrin%C4%97-UAB/2422131 | https://rekvizitai.vz.lt/en/company/meistrine/","2026-07-28"
"urtnojus","https://www.baldininkai.org/gamintojas/urtnojus/","Urtnojus","UAB Urtnojus","302940679","Telšiai","Sedos g. 34A, Telšiai","","Kaunas ir šiaurės Lietuva","https://rekvizitai.vz.lt/en/company/urtnojus/","+370 689 08640","public_phone_and_contact_url","Medžio darbai ir medžio masyvo baldai","https://rekvizitai.vz.lt/en/company/urtnojus/ | https://www.info.lt/rubrika/Durys/100225955/Tel%C5%A1iai","2026-07-28"
"skaidma","https://www.baldininkai.org/gamintojas/skaidma/","Skaidma","UAB Skaidma","300630023","Mažeikiai","Naftininkų g. 16-2, Mažeikiai","LT-89121","Kaunas ir šiaurės Lietuva","http://www.skaidma.lt/baldai.html","+370 618 74894","public_phone_and_contact_url","Virtuvės baldai","http://www.skaidma.lt/baldai.html | https://rekvizitai.vz.lt/en/company/ii_skaidma/","2026-07-28"
"ambient-boutique","https://www.baldininkai.org/gamintojas/ambient-boutique/","Ambient Boutique","UAB Ambientus","304871566","Mažeikiai production","Žirgo g. 3a-29a, Vilnius","LT-10221","Kaunas ir šiaurės Lietuva","https://ambientboutique.lt/","+370 687 34507","public_phone_and_contact_url","Virtuvės baldai | Miegamojo ir vonios baldai","https://ambientboutique.lt/ | https://tax.lt/imones/114060-ambientus-uab | https://rekvizitai.vz.lt/en/company/ambientus/","2026-07-28"
"taumona","https://www.baldininkai.org/gamintojas/taumona/","Taumona","UAB Taumona","167206670","Mažeikiai","Ventos g. 8E, Mažeikiai","LT-89103","Kaunas ir šiaurės Lietuva","https://www.taumona.com/en/","+370 665 54600","public_phone_and_contact_url","Virtuvės baldai | Spintos ir įmontuojami baldai | Miegamojo ir vonios baldai | Biuro ir komerciniai baldai","https://www.taumona.com/en/ | https://rekvizitai.vz.lt/en/company/taumona/","2026-07-28"
"lyra-group-softnord-scandic","https://www.baldininkai.org/gamintojas/lyra-group-softnord-scandic/","Lyra Group / Softnord / Scandic","UAB Lyra group","166635955","Mažeikiai","Montuotojų g. 9, Mažeikiai","","Kaunas ir šiaurės Lietuva","https://lyragroup.eu/about-us/","+370 443 68050","public_phone_and_contact_url","Minkšti baldai pagal užsakymą","https://lyragroup.eu/about-us/ | https://lyragroup.eu/about-us | https://rekvizitai.vz.lt/en/company/lyra_group/","2026-07-28"
"barva-furniture","https://www.baldininkai.org/gamintojas/barva-furniture/","Barva Furniture","MB Barva projects","306948851","Mažeikiai","Sodų g. 1-66, Mažeikiai","LT-89138","Kaunas ir šiaurės Lietuva","https://barvafurniture.lt/en/home/","+370 613 83318","public_phone_and_contact_url","Virtuvės baldai | Spintos ir įmontuojami baldai | Miegamojo ir vonios baldai | Biuro ir komerciniai baldai","https://barvafurniture.lt/en/home/ | https://rekvizitai.vz.lt/en/company/barva_projects/","2026-07-28"
"tiko-baldai","https://www.baldininkai.org/gamintojas/tiko-baldai/","Tiko baldai","UAB Tiko baldai","300002495","Tauragė d.","Geležinio Vilko g. 4, Tauragės Dvaro k., Tauragės r.","","Kaunas ir šiaurės Lietuva","","+370 446 44123","public_phone","Kiti nestandartiniai baldai","https://rekvizitai.vz.lt/en/company/kristalga/","2026-07-28"
"alantas","https://www.baldininkai.org/gamintojas/alantas/","Alantas","UAB Alantas","179466996","Tauragė","Paberžių g. 11, Tauragė","LT-72328","Kaunas ir šiaurės Lietuva","https://www.1551.lt/alantas-uab-92066/","+370 446 72888","public_phone_and_contact_url","Virtuvės baldai | Spintos ir įmontuojami baldai | Miegamojo ir vonios baldai | Biuro ir komerciniai baldai | HoReCa ir prekybos baldai","https://www.1551.lt/alantas-uab-92066/ | https://scoris.lt/imone/179466996 | https://rekvizitai.vz.lt/en/company/alantas/","2026-07-28"
"linkrusta","https://www.baldininkai.org/gamintojas/linkrusta/","Linkrusta","UAB Linkrusta","302587275","Raseiniai","Beržų g. 8, Raseiniai","","Kaunas ir šiaurės Lietuva","https://www.linkrusta.lt/","+370 607 66009","public_phone_and_contact_url","Virtuvės baldai | Spintos ir įmontuojami baldai | Miegamojo ir vonios baldai | Biuro ir komerciniai baldai | Minkšti baldai pagal užsakymą","https://www.linkrusta.lt/ | https://www.1551.lt/linkrusta-uab-nestandartiniu-baldu-projektavimas-gamyba-prekyba-raseiniai-taurage-kaunas-klaipeda-silale-visa-lietuva-elektronine-parduotuve-https-www-linkrusta-lt-208060/ | https://rekvizitai.vz.lt/en/company/linkrusta/","2026-07-28"
"agmena","https://www.baldininkai.org/gamintojas/agmena/","Agmena","UAB Agmena","156716241","Čičinai, Jonava d.","Čičinai, Jonavos r.","LT-55243","Kaunas ir šiaurės Lietuva","https://www.agmena.lt/","+370 349 62091","public_phone_and_contact_url","Virtuvės baldai | Spintos ir įmontuojami baldai | Miegamojo ir vonios baldai | Biuro ir komerciniai baldai","https://www.agmena.lt/ | http://www.baldai.com/imoniu-katalogas/uab-agmena | https://rekvizitai.vz.lt/en/company/agmena/","2026-07-28"
"wbk","https://www.baldininkai.org/gamintojas/wbk/","WBK","UAB WBK","304079044","Jonava","Jonalaukio g. 25, Jonava","LT-55198","Kaunas ir šiaurės Lietuva","https://rekvizitai.vz.lt/en/company/wilbergs/","+370 699 81620","public_phone_and_contact_url","Virtuvės baldai | Miegamojo ir vonios baldai","https://rekvizitai.vz.lt/en/company/wilbergs/ | https://rekvizitai.vz.lt/miesto-imones/jonava/Jonalaukio+g./","2026-07-28"
"alrasina","https://www.baldininkai.org/gamintojas/alrasina/","Alrasina","UAB Alrasina","263740820","Kopūstai/Kretingalė, Klaipėda r.","Klaipėdos g. 7, Kretingalė, Klaipėdos r.","LT-96332","Klaipėda, Panevėžys, vakarų ir centrinė Lietuva","https://www.alrasina.lt/","+370 682 55404","public_phone_and_contact_url","Virtuvės baldai | Miegamojo ir vonios baldai | Biuro ir komerciniai baldai | Medžio darbai ir medžio masyvo baldai","https://www.alrasina.lt/ | https://rekvizitai.vz.lt/en/company/alrasina/","2026-07-28"
"a-residens","https://www.baldininkai.org/gamintojas/a-residens/","A Residens","UAB A residens","305839169","Dovilai, Klaipėda r.","Lašupio g. 9, Dovilai, Klaipėdos r.","","Klaipėda, Panevėžys, vakarų ir centrinė Lietuva","https://www.aresidens.com/en","+370 648 73074","public_phone_and_contact_url","Virtuvės baldai | Miegamojo ir vonios baldai | Biuro ir komerciniai baldai","https://www.aresidens.com/en | https://rekvizitai.vz.lt/en/company/boliodesign_lt/","2026-07-28"
"azuolo-gama","https://www.baldininkai.org/gamintojas/azuolo-gama/","Ąžuolo gama","MB Ąžuolo gama","306023756","Klaipėda","Budelkiemio g. 10-28, Klaipėda","LT-95250","Klaipėda, Panevėžys, vakarų ir centrinė Lietuva","https://azuologama.lt/","+370 650 66824","public_phone_and_contact_url","Virtuvės baldai | Spintos ir įmontuojami baldai | Miegamojo ir vonios baldai","https://azuologama.lt/ | https://rekvizitai.vz.lt/en/company/azuolo_gama/","2026-07-28"
"kaiva","https://www.baldininkai.org/gamintojas/kaiva/","Kaiva","UAB Kaiva","140455398","Klaipėda","Mainų g. 19, Klaipėda","","Klaipėda, Panevėžys, vakarų ir centrinė Lietuva","https://www.kaiva.lt/","+370 46 343281","public_phone_and_contact_url","Medžio darbai ir medžio masyvo baldai","https://www.kaiva.lt/ | https://www.1551.lt/kaiva-uab-24621/ | https://rekvizitai.vz.lt/en/company/kaiva/","2026-07-28"
"estuba","https://www.baldininkai.org/gamintojas/estuba/","Estuba","UAB Estubos baldai","305464737","Klaipėda","Mainų g. 15, Klaipėda","","Klaipėda, Panevėžys, vakarų ir centrinė Lietuva","https://www.estuba.lt/","+370 611 35222","public_phone_and_contact_url","Kiti nestandartiniai baldai","https://www.estuba.lt/ | https://www.estuba.lt/about-us | https://rekvizitai.vz.lt/en/company/estubos_baldai/","2026-07-28"
"baldlita","https://www.baldininkai.org/gamintojas/baldlita/","Baldlita","UAB Baldlita LT","302862180","Klaipėda / western LT","V. Krėvės pr. 99B-22, Kaunas","LT-50371","Klaipėda, Panevėžys, vakarų ir centrinė Lietuva","https://www.baldlita.lt/","+370 686 69075","public_phone_and_contact_url","Virtuvės baldai | Spintos ir įmontuojami baldai | Miegamojo ir vonios baldai","https://www.baldlita.lt/ | https://rekvizitai.vz.lt/en/company/baldlita/","2026-07-28"
"mbi","https://www.baldininkai.org/gamintojas/mbi/","MBI","UAB Minkštų baldų idėja","302649200","Trušeliai, Klaipėda r.","Gilijos g. 71, Trušelių k., Klaipėdos r.","LT-92337","Klaipėda, Panevėžys, vakarų ir centrinė Lietuva","","+370 670 93222","public_phone","Minkšti baldai pagal užsakymą","https://www.1551.lt/mbi-minkstu-baldu-ideja-uab-nestandartiniu-minkstu-baldu-gamyba-klaipeda-klaipedos-rajonas-215565/ | https://get.data.gov.lt/datasets/gov/rc/jar/iregistruoti/JuridinisAsmuo | https://rekvizitai.vz.lt/en/company/minkstu_baldu_ideja/","2026-07-28"
"getanas","https://www.baldininkai.org/gamintojas/getanas/","Getanas","UAB Getanas","305645488","Klaipėda","Tilžės g. 22-5, Klaipėda","LT-91126","Klaipėda, Panevėžys, vakarų ir centrinė Lietuva","","+370 656 64554","public_phone","Virtuvės baldai | Spintos ir įmontuojami baldai | Miegamojo ir vonios baldai | Biuro ir komerciniai baldai","https://www.info.lt/imones/Getanas-UAB/2441655 | https://rekvizitai.vz.lt/en/company/getanas/","2026-07-28"
"stilingi-baldai","https://www.baldininkai.org/gamintojas/stilingi-baldai/","Stilingi baldai","UAB Stilingi baldai","305393560","Dovilai, Klaipėda r.","Lašupio g. 11, Dovilai, Klaipėdos r.","LT-96225","Klaipėda, Panevėžys, vakarų ir centrinė Lietuva","","+370 676 43102","public_phone","Minkšti baldai pagal užsakymą","https://www.info.lt/imones/Stilingi-baldai-UAB/2427817 | https://rekvizitai.vz.lt/en/company/stilingi_baldai/","2026-07-28"
"exus-furniture","https://www.baldininkai.org/gamintojas/exus-furniture/","Exus Furniture","MB Exus furniture","307162723","Klaipėda","Tiltų g. 19, Klaipėda","LT-91249","Klaipėda, Panevėžys, vakarų ir centrinė Lietuva","","+370 601 25785","public_phone","Virtuvės baldai | Spintos ir įmontuojami baldai | Miegamojo ir vonios baldai","https://www.info.lt/imones/Exus-furniture-MB/2513706 | https://rekvizitai.vz.lt/en/company/exus_furniture/","2026-07-28"
"deluxe-baldai","https://www.baldininkai.org/gamintojas/deluxe-baldai/","Deluxe Baldai","UAB Deluxe baldai","302631227","Klaipėda","Baltijos pr. 10A, Klaipėda","","Klaipėda, Panevėžys, vakarų ir centrinė Lietuva","","+370 699 26858","public_phone","Miegamojo ir vonios baldai | HoReCa ir prekybos baldai | Minkšti baldai pagal užsakymą","http://www.baldai.com/imoniu-katalogas/deluxe-baldai | https://rekvizitai.vz.lt/en/company/deluxe_baldai/","2026-07-28"
"aruno-baldai","https://www.baldininkai.org/gamintojas/aruno-baldai/","Arūno baldai","MB Arūno baldai Kretingoje","304984884","Rubuliai, Kretinga r.","Mišučių g. 1, Rubulių k., Kretingos r.","LT-97356","Klaipėda, Panevėžys, vakarų ir centrinė Lietuva","https://www.arunobaldaikretingoje.lt/en/","+370 620 60725","public_phone_and_contact_url","Kiti nestandartiniai baldai","https://www.arunobaldaikretingoje.lt/en/ | https://www.1551.lt/aruno-baldai-kretingoje-mb-nestandartiniai-korpusiniai-baldai-kretinga-klaipeda-vakaru-lietuva-278211/ | https://rekvizitai.vz.lt/en/company/aruno_baldai_kretingoje/","2026-07-28"
"r2-baldai","https://www.baldininkai.org/gamintojas/r2-baldai/","R2 Baldai","UAB R2 baldai","302711253","Palanga","Žemaičių Alkos g. 10, Palanga","LT-00318","Klaipėda, Panevėžys, vakarų ir centrinė Lietuva","https://r2baldai.lt/","+370 678 80089","public_phone_and_contact_url","Virtuvės baldai | Spintos ir įmontuojami baldai | Miegamojo ir vonios baldai | Biuro ir komerciniai baldai","https://r2baldai.lt/ | https://rekvizitai.vz.lt/en/company/r2_baldai/","2026-07-28"
"virtuvinis-lt","https://www.baldininkai.org/gamintojas/virtuvinis-lt/","Virtuvinis.lt","UAB Alkena","300526626","Priekulė/Klaipėda r.","Vingio g. 3, Priekulė, Klaipėdos r.","LT-96340","Klaipėda, Panevėžys, vakarų ir centrinė Lietuva","https://www.virtuvinis.lt/","+370 687 34818","public_phone_and_contact_url","Virtuvės baldai","https://www.virtuvinis.lt/ | https://rekvizitai.vz.lt/en/company/alkena/","2026-07-28"
"medeinus","https://www.baldininkai.org/gamintojas/medeinus/","Medeinus","UAB Medeinus","303226630","Klaipėda","Debreceno g. 58C-55, Klaipėda","","Klaipėda, Panevėžys, vakarų ir centrinė Lietuva","https://www.medeinus.lt/baldu-gamyba-klaipedoje","+370 606 86080","public_phone_and_contact_url","Virtuvės baldai | Spintos ir įmontuojami baldai | Miegamojo ir vonios baldai | Biuro ir komerciniai baldai","https://www.medeinus.lt/baldu-gamyba-klaipedoje | https://rekvizitai.vz.lt/en/company/medeinus/","2026-07-28"
"baldita","https://www.baldininkai.org/gamintojas/baldita/","Baldita","MB Mano baldita","304956995","Panevėžys","Pušaloto g. 211, Panevėžys","LT-35291","Klaipėda, Panevėžys, vakarų ir centrinė Lietuva","https://baldita.lt/apie-mus/","+370 608 39394","public_phone_and_contact_url","Virtuvės baldai | Spintos ir įmontuojami baldai","https://baldita.lt/apie-mus/ | https://rekvizitai.vz.lt/en/company/mano_baldita/","2026-07-28"
"abf","https://www.baldininkai.org/gamintojas/abf/","ABF","UAB Aukštaitijos baldų fabrikas","302893592","Panevėžys","Staniūnų g. 66, Panevėžys","LT-36142","Klaipėda, Panevėžys, vakarų ir centrinė Lietuva","https://www.abf.lt/","+370 670 35005","public_phone_and_contact_url","Spintos ir įmontuojami baldai","https://www.abf.lt/ | https://www.info.lt/imones/Auk%C5%A1taitijos-bald%C5%B3-fabrikas-UAB/2332953 | https://rekvizitai.vz.lt/en/company/uab_aukstaitijos_baldu_fabrikas/","2026-07-28"
"bengita","https://www.baldininkai.org/gamintojas/bengita/","Bengita","UAB Bengita","302536455","Panevėžys","Paliūniškio g. 5 K4-1, Panevėžys","","Klaipėda, Panevėžys, vakarų ir centrinė Lietuva","https://www.bengita.lt/apie-mus/","+370 612 98192","public_phone_and_contact_url","Kiti nestandartiniai baldai","https://www.bengita.lt/apie-mus/ | https://rekvizitai.vz.lt/en/company/uab_bengita/","2026-07-28"
"baldu-tvirtove","https://www.baldininkai.org/gamintojas/baldu-tvirtove/","Baldų tvirtovė","MB Baldų tvirtovė","305916338","Panevėžys","Panendrės g. 14B, Panevėžys","LT-36254","Klaipėda, Panevėžys, vakarų ir centrinė Lietuva","","+370 631 18173","public_phone","Kiti nestandartiniai baldai","https://www.info.lt/imones/Bald%C5%B3-tvirtov%C4%97-MB/2454979 | https://get.data.gov.lt/datasets/gov/rc/jar/iregistruoti/JuridinisAsmuo | https://rekvizitai.vz.lt/en/company/baldu_tvirtove/","2026-07-28"
"baldu-linija","https://www.baldininkai.org/gamintojas/baldu-linija/","Baldų linija","UAB Baldų linija","300040784","Panevėžys","Įmonių g. 5D-3, Panevėžys","LT-35101","Klaipėda, Panevėžys, vakarų ir centrinė Lietuva","https://www.baldulinija.lt/en/","+370 603 03604","public_phone_and_contact_url","Medžio darbai ir medžio masyvo baldai","https://www.baldulinija.lt/en/ | https://get.data.gov.lt/datasets/gov/rc/jar/iregistruoti/JuridinisAsmuo | https://rekvizitai.vz.lt/en/company/baldu_linija/","2026-07-28"
"if-concept","https://www.baldininkai.org/gamintojas/if-concept/","IF Concept","UAB IF Concept","148504872","Sutkūnai, Panevėžys r.","Sutkūnų k. 1A, Sutkūnų k., Panevėžio r.","LT-38101","Klaipėda, Panevėžys, vakarų ir centrinė Lietuva","https://ifconcept.lt/en/apie-mus/","+370 616 72656","public_phone_and_contact_url","Biuro ir komerciniai baldai","https://ifconcept.lt/en/apie-mus/ | https://rekvizitai.vz.lt/en/company/audrelina/","2026-07-28"
"kasparo-baldai","https://www.baldininkai.org/gamintojas/kasparo-baldai/","Kasparo baldai","UAB Kasparo baldai","302812601","Panevėžys","Lentpjūvių g. 5, Panevėžys","LT-35155","Klaipėda, Panevėžys, vakarų ir centrinė Lietuva","https://www.kasparobaldai.lt/language/en/furniture-production/kitchen-furniture/","+370 698 80339","public_phone_and_contact_url","Virtuvės baldai","https://www.kasparobaldai.lt/language/en/furniture-production/kitchen-furniture/ | https://geltoni.lt/imones/kasparo-baldai-uab/19300 | https://rekvizitai.vz.lt/en/company/kasparo_baldai/","2026-07-28"
"egvita","https://www.baldininkai.org/gamintojas/egvita/","Egvita","UAB Egvita","302619374","Panevėžys","Tinklų g. 11C, Panevėžys","","Klaipėda, Panevėžys, vakarų ir centrinė Lietuva","https://egvita.lt/","+370 699 84226","public_phone_and_contact_url","Minkšti baldai pagal užsakymą","https://egvita.lt/ | https://rekvizitai.vz.lt/en/company/egvita/","2026-07-28"
"liepas","https://www.baldininkai.org/gamintojas/liepas/","Liepas","MB Liepas","303098166","Juodkaimiai/Kėdainiai r.","Parko g. 22, Juodkaimių k., Kėdainių r.","LT-58196","Klaipėda, Panevėžys, vakarų ir centrinė Lietuva","","+370 650 96116","public_phone","Virtuvės baldai","https://www.1551.lt/liepas-mb-kietuju-baldu-gamyba-227837/ | https://rekvizitai.vz.lt/en/company/liepas/","2026-07-28"
"diara-baldu-studija","https://www.baldininkai.org/gamintojas/diara-baldu-studija/","Diara baldų studija","UAB Diara LT","300659516","Kėdainiai","Tuopų g. 12C, Vilainiai, Kėdainiai","LT-58105","Klaipėda, Panevėžys, vakarų ir centrinė Lietuva","","+370 602 77000","public_phone","Kiti nestandartiniai baldai","https://www.1551.lt/diara-lt-uab-137348/ | https://rekvizitai.vz.lt/en/company/giedriaus_kalcinsko_individuali_baldu_projektavimo_ir_gamybos_imone_diara/","2026-07-28"
"gusto-baldai","https://www.baldininkai.org/gamintojas/gusto-baldai/","Gusto Baldai","UAB Gusto baldai","303228617","Medekšiai/Kėdainiai r.","Topolių g. 4, Medekšių k., Kėdainių r.","LT-58168","Klaipėda, Panevėžys, vakarų ir centrinė Lietuva","https://gustobaldai.lt/paslaugos/","+370 699 77303","public_phone_and_contact_url","Virtuvės baldai","https://gustobaldai.lt/paslaugos/ | https://gustobaldai.lt/baldai-kedainiuose/ | https://rekvizitai.vz.lt/en/company/gusto_baldai/","2026-07-28"
"gordena","https://www.baldininkai.org/gamintojas/gordena/","Gordena","Gordena, individuali veikla","307122497","Vilainiai/Kėdainiai r.","Pakraščio g. 27, Mastaičių k., Kauno r.","LT-53316","Klaipėda, Panevėžys, vakarų ir centrinė Lietuva","https://gordena.lt/apie-mus-naujas/","+370 628 64125","public_phone_and_contact_url","Kiti nestandartiniai baldai","https://gordena.lt/apie-mus-naujas/ | https://rekvizitai.vz.lt/en/company/gordena/","2026-07-28"
"unikalus-baldai","https://www.baldininkai.org/gamintojas/unikalus-baldai/","Unikalūs Baldai","UAB Kėdainių statyba","301532639","Kėdainiai","Smilgos g. 3-32, Kėdainiai","","Klaipėda, Panevėžys, vakarų ir centrinė Lietuva","https://unikalusbaldai.lt/","+370 698 85852","public_phone_and_contact_url","Kiti nestandartiniai baldai","https://unikalusbaldai.lt/ | https://web.archive.org/web/20251011130956id_/https://unikalusbaldai.lt/ | https://rekvizitai.vz.lt/en/company/uab_autocodas/","2026-07-28"
"peledos-baldai","https://www.baldininkai.org/gamintojas/peledos-baldai/","Pelėdos baldai","UAB Pelėdos baldai","303212495","Kėdainiai","V. Koncevičiaus g. 1, Pelėdnagių k., Kėdainių r.","LT-58164","Klaipėda, Panevėžys, vakarų ir centrinė Lietuva","http://peledosbaldai.lt/en/","+370 685 76398","public_phone_and_contact_url","Virtuvės baldai | Spintos ir įmontuojami baldai","http://peledosbaldai.lt/en/ | https://geltoni.lt/imones/peledos-baldai-uab/205665 | https://rekvizitai.vz.lt/en/company/peledos_baldai/","2026-07-28"
"interjero-ideja","https://www.baldininkai.org/gamintojas/interjero-ideja/","Interjero idėja","UAB Interjero idėja","304450058","Mokolai/Marijampolė","Lūginės g. 5, Mokolai, Marijampolė","LT-68460","Klaipėda, Panevėžys, vakarų ir centrinė Lietuva","https://interjeroideja.lt/","","public_contact_url","Virtuvės baldai | Spintos ir įmontuojami baldai","https://interjeroideja.lt/ | https://rekvizitai.vz.lt/en/company/interjero_ideja/","2026-07-28"
"baldu-prizme","https://www.baldininkai.org/gamintojas/baldu-prizme/","Baldų prizmė","MB Baldų prizmė","305681438","Bebrininkai, Vilkaviškis r.","Piliakalnio g. 5, Bebrininkų k., Vilkaviškio r.","LT-70301","Klaipėda, Panevėžys, vakarų ir centrinė Lietuva","","+370 684 72141","public_phone","Kiti nestandartiniai baldai","https://www.1551.lt/baldu-gamyba/nestandartiniu-baldu-gamyba/vilkaviskis/ | https://rekvizitai.vz.lt/en/company/baldu_prizme/","2026-07-28"
"furnmaster","https://www.baldininkai.org/gamintojas/furnmaster/","FurnMaster","UAB FurnMaster","302900446","Marijampolė","Geležinkelio g. 3, Marijampolė","LT-68127","Klaipėda, Panevėžys, vakarų ir centrinė Lietuva","","+370 683 60184","public_phone","Kiti nestandartiniai baldai","https://www.furnmaster.com/global-presence/ | https://rekvizitai.vz.lt/en/company/furnmaster/","2026-07-28"
"baldmaris","https://www.baldininkai.org/gamintojas/baldmaris/","Baldmaris","","000977017","Tauragė","","","Klaipėda, Panevėžys, vakarų ir centrinė Lietuva","https://baldmaris.lt/","","public_contact_url","Kiti nestandartiniai baldai","https://baldmaris.lt/","2026-07-28"
"aurimo-korpusiniu-baldu-gamyba","https://www.baldininkai.org/gamintojas/aurimo-korpusiniu-baldu-gamyba/","Aurimo korpusinių baldų gamyba","Aurimo korpusinių baldų gamyba (individual activity)","001081836","Norkaičiai, Tauragė r.","","","Klaipėda, Panevėžys, vakarų ir centrinė Lietuva","https://www.cabinetfurniture.lt/en","","public_contact_url","Virtuvės baldai | Spintos ir įmontuojami baldai | Miegamojo ir vonios baldai | Biuro ir komerciniai baldai","https://www.cabinetfurniture.lt/en","2026-07-28"
"uosvita","https://www.baldininkai.org/gamintojas/uosvita/","Uosvita","MB Uosvita","306394626","Jurbarkas","Dariaus ir Girėno g. 50, Jurbarkas","LT-74119","Klaipėda, Panevėžys, vakarų ir centrinė Lietuva","","+370 652 40155","public_phone","Medžio darbai ir medžio masyvo baldai","https://www.manreikia.lt/imone/uosvita-mb | https://rekvizitai.vz.lt/en/company/uosvita_mb/","2026-07-28"
"laukbaldis","https://www.baldininkai.org/gamintojas/laukbaldis/","Laukbaldis","UAB Laukbaldis","179472173","Dapkiškiai, Tauragė r.","Laukų g. 7, Dapkiškių k., Tauragės r.","","Klaipėda, Panevėžys, vakarų ir centrinė Lietuva","https://laukbaldis.lt/","+370 610 29545","public_phone_and_contact_url","Medžio darbai ir medžio masyvo baldai","https://laukbaldis.lt/ | https://www.info.lt/rubrika/Bald%C5%B3-gamyba/100419717/Taurag%C4%97 | https://rekvizitai.vz.lt/en/company/laukbaldis/","2026-07-28"
"tvirte","https://www.baldininkai.org/gamintojas/tvirte/","Tvirtė","UAB Tvirtė","303309275","Tauragė","J. Mažeikos g. 6, Tauragė","","Klaipėda, Panevėžys, vakarų ir centrinė Lietuva","","+370 685 49307","public_phone","Kiti nestandartiniai baldai","https://www.tvirte.com/ | https://rekvizitai.vz.lt/en/company/tvirte/","2026-07-28"
"rejben","https://www.baldininkai.org/gamintojas/rejben/","Rejben","UAB Rejben","125962387","Vilnius","Liudvinavo g. 24, Vilnius","LT-02241","Vilnius, rytų ir pietų Lietuva","https://www.info.lt/rubrika/Bald%C5%B3-gamyba/100419717/Vilnius","+370 5 2602687","public_phone_and_contact_url","Kiti nestandartiniai baldai","https://www.info.lt/rubrika/Bald%C5%B3-gamyba/100419717/Vilnius | https://rekvizitai.vz.lt/en/company/rejben/","2026-07-28"
"uab-gm-art-306083828","https://www.baldininkai.org/gamintojas/uab-gm-art-306083828/","UAB ""GM ART""","UAB ""GM ART""","306083828","Šlapšilė","Šlapšilės g. 25","LT-96173","Klaipėda, Panevėžys, vakarų ir centrinė Lietuva","","+37064057000","public_phone","Kiti nestandartiniai baldai","https://get.data.gov.lt/datasets/gov/lsd/cl/ja_asmenys/JuridinisAsmuo/1a0c2d53-0e8b-473a-b63c-a0a997f9cea3 | https://get.data.gov.lt/datasets/gov/rc/ar/gyvenamojivietove/GyvenamojiVietove/0e938e28-78ae-4ea5-a71c-70c47ea37896 | https://get.data.gov.lt/datasets/gov/rc/ar/adresai/Adresas/e497c172-af2c-4a5f-ab98-a2567a2406d0 | https://rekvizitai.vz.lt/en/company/gm_art/","2026-07-28"
"rinkos-banga","https://www.baldininkai.org/gamintojas/rinkos-banga/","Rinkos banga","UAB Rinkos banga","306272273","Vilnius","Šeškinės Sodų g. 12-5, Vilnius","","Vilnius, rytų ir pietų Lietuva","https://www.info.lt/rubrika/Bald%C5%B3-gamyba/100419717/Vilnius","+370 641 09900","public_phone_and_contact_url","Kiti nestandartiniai baldai","https://www.info.lt/rubrika/Bald%C5%B3-gamyba/100419717/Vilnius | https://rekvizitai.vz.lt/en/company/rinkos_banga/","2026-07-28"
"farbina","https://www.baldininkai.org/gamintojas/farbina/","Farbina","UAB Farbina","304424953","Vilnius","Girulių g. 10-201, Vilnius","","Vilnius, rytų ir pietų Lietuva","https://www.info.lt/rubrika/Bald%C5%B3-gamyba/100419717/Vilnius","+370 643 20226","public_phone_and_contact_url","Kiti nestandartiniai baldai","https://www.info.lt/rubrika/Bald%C5%B3-gamyba/100419717/Vilnius | https://rekvizitai.vz.lt/en/company/farbina/","2026-07-28"
"ralko","https://www.baldininkai.org/gamintojas/ralko/","Ralko","UAB Ralko","300110503","Vilnius","Savanorių pr. 176F, Vilnius","LT-03154","Vilnius, rytų ir pietų Lietuva","https://www.info.lt/rubrika/Bald%C5%B3-gamyba/100419717/Vilnius","+370 5 2695499","public_phone_and_contact_url","Kiti nestandartiniai baldai","https://www.info.lt/rubrika/Bald%C5%B3-gamyba/100419717/Vilnius | https://rekvizitai.vz.lt/en/company/ralko/","2026-07-28"
"medzio-spalvos","https://www.baldininkai.org/gamintojas/medzio-spalvos/","Medžio spalvos","MB Medžio spalvos","306289155","Riešė","Trinapolio g. 9C-39, Vilnius","LT-08337","Vilnius, rytų ir pietų Lietuva","https://www.info.lt/rubrika/Bald%C5%B3-gamyba/100419717/Vilnius","+370 671 91023","public_phone_and_contact_url","Kiti nestandartiniai baldai","https://www.info.lt/rubrika/Bald%C5%B3-gamyba/100419717/Vilnius | https://rekvizitai.vz.lt/en/company/medzio_spalvos/","2026-07-28"
"baldu-vizija","https://www.baldininkai.org/gamintojas/baldu-vizija/","Baldų vizija","MB Baldų vizija","305728852","Riešė","Beržų g. 5, Riešės k., Vilniaus r.","LT-14266","Vilnius, rytų ir pietų Lietuva","https://www.info.lt/rubrika/Bald%C5%B3-gamyba/100419717/Vilnius","+370 671 26780","public_phone_and_contact_url","Kiti nestandartiniai baldai","https://www.info.lt/rubrika/Bald%C5%B3-gamyba/100419717/Vilnius | https://rekvizitai.vz.lt/en/company/baldu_vizija/","2026-07-28"
"auseda","https://www.baldininkai.org/gamintojas/auseda/","Auseda","MB Auseda","306213104","Vilnius","Tujų g. 11-7, Vilnius","","Vilnius, rytų ir pietų Lietuva","https://www.info.lt/rubrika/Bald%C5%B3-gamyba/100419717/Vilnius","+370 672 90856","public_phone_and_contact_url","Kiti nestandartiniai baldai","https://www.info.lt/rubrika/Bald%C5%B3-gamyba/100419717/Vilnius | https://rekvizitai.vz.lt/en/company/auseda/","2026-07-28"
"janer","https://www.baldininkai.org/gamintojas/janer/","Janer","MB Janer","306646842","Vilnius","Naugarduko g. 68-3, Vilnius","LT-03203","Vilnius, rytų ir pietų Lietuva","https://www.info.lt/rubrika/Bald%C5%B3-gamyba/100419717/Vilnius","+370 631 98141","public_phone_and_contact_url","Kiti nestandartiniai baldai","https://www.info.lt/rubrika/Bald%C5%B3-gamyba/100419717/Vilnius | https://rekvizitai.vz.lt/en/company/janer_mb/","2026-07-28"
"kybo","https://www.baldininkai.org/gamintojas/kybo/","Kybo","MB Kybo","305343454","Vilnius","Babriškėlio k. 5, Babriškėlio k., Širvintų r.","","Vilnius, rytų ir pietų Lietuva","https://www.info.lt/rubrika/Bald%C5%B3-gamyba/100419717/Vilnius","+370 626 20945","public_phone_and_contact_url","Kiti nestandartiniai baldai","https://www.info.lt/rubrika/Bald%C5%B3-gamyba/100419717/Vilnius | https://rekvizitai.vz.lt/en/company/kybo/","2026-07-28"
"baldaila","https://www.baldininkai.org/gamintojas/baldaila/","Baldaila","MB Baldaila","305726050","Vilnius","Tujų g. 26","LT-53333","Vilnius, rytų ir pietų Lietuva","https://www.info.lt/rubrika/Bald%C5%B3-gamyba/100419717/Vilnius","","public_contact_url","Kiti nestandartiniai baldai","https://www.info.lt/rubrika/Bald%C5%B3-gamyba/100419717/Vilnius | https://www.baldaila.lt/kontaktai/ | https://get.data.gov.lt/datasets/gov/rc/ar/adresai/Adresas/2770b398-57c4-49aa-876b-d257bd9b095a","2026-07-28"
"drimstoga","https://www.baldininkai.org/gamintojas/drimstoga/","Drimstoga","UAB Drimstoga","186147187","Nemenčinė","Vasaros g. 14A, Nemenčinė, Vilniaus r.","","Vilnius, rytų ir pietų Lietuva","https://www.info.lt/rubrika/Bald%C5%B3-gamyba/100419717/Vilnius","+370 620 61075","public_phone_and_contact_url","Kiti nestandartiniai baldai","https://www.info.lt/rubrika/Bald%C5%B3-gamyba/100419717/Vilnius | https://rekvizitai.vz.lt/en/company/uab_drimstoga/","2026-07-28"
"suduvos-baldai","https://www.baldininkai.org/gamintojas/suduvos-baldai/","Sūduvos baldai","UAB Sūduvos baldai","151204721","Vilnius","Gedimino g. 96","LT-68118","Vilnius, rytų ir pietų Lietuva","https://www.info.lt/rubrika/Bald%C5%B3-gamyba/100419717/Vilnius","","public_contact_url","Kiti nestandartiniai baldai","https://www.info.lt/rubrika/Bald%C5%B3-gamyba/100419717/Vilnius | https://rekvizitai.vz.lt/en/company/morita/ | https://get.data.gov.lt/datasets/gov/rc/ar/adresai/Adresas/ff287656-828e-4826-8b21-d6ac37507c59","2026-07-28"
"sedes-regia","https://www.baldininkai.org/gamintojas/sedes-regia/","Sedes Regia","UAB Sedes Regia","221579830","Vilnius","Arimų g. 29B, Vilnius","LT-11114","Vilnius, rytų ir pietų Lietuva","https://www.info.lt/rubrika/Bald%C5%B3-gamyba/100419717/Vilnius","+370 5 2485239","public_phone_and_contact_url","Kiti nestandartiniai baldai","https://www.info.lt/rubrika/Bald%C5%B3-gamyba/100419717/Vilnius | https://rekvizitai.vz.lt/en/company/sedes_regia/","2026-07-28"
"dalisima","https://www.baldininkai.org/gamintojas/dalisima/","Dalisima","UAB Dalisima","125688274","Vilnius","Pramonės g. 141, Vilnius","LT-11115","Vilnius, rytų ir pietų Lietuva","https://www.info.lt/rubrika/Bald%C5%B3-gamyba/100419717/Vilnius","+370 5 2653260","public_phone_and_contact_url","Kiti nestandartiniai baldai","https://www.info.lt/rubrika/Bald%C5%B3-gamyba/100419717/Vilnius | https://rekvizitai.vz.lt/en/company/dalisima/","2026-07-28"
"interjero-ateleje","https://www.baldininkai.org/gamintojas/interjero-ateleje/","Interjero ateljė","UAB Interjero ateljė","122086661","Vilnius","Lakūnų g. 47, Vilnius","LT-09108","Vilnius, rytų ir pietų Lietuva","https://www.info.lt/rubrika/Bald%C5%B3-gamyba/100419717/Vilnius","+370 5 2750692","public_phone_and_contact_url","Kiti nestandartiniai baldai","https://www.info.lt/rubrika/Bald%C5%B3-gamyba/100419717/Vilnius | https://rekvizitai.vz.lt/en/company/interjero_atelje/","2026-07-28"
"balticum-baldai","https://www.baldininkai.org/gamintojas/balticum-baldai/","Balticum baldai","UAB Balticum baldai","124045389","Vilnius","J. Galvydžio g. 11A-7, Vilnius","LT-08236","Vilnius, rytų ir pietų Lietuva","https://www.info.lt/rubrika/Bald%C5%B3-gamyba/100419717/Vilnius","+370 5 2771628","public_phone_and_contact_url","Kiti nestandartiniai baldai","https://www.info.lt/rubrika/Bald%C5%B3-gamyba/100419717/Vilnius | https://rekvizitai.vz.lt/en/company/balticum_baldai/","2026-07-28"
"emira","https://www.baldininkai.org/gamintojas/emira/","Emira","UAB Emira","123111740","Vilnius","Verkių g. 43-1, Vilnius","LT-09109","Vilnius, rytų ir pietų Lietuva","https://www.info.lt/rubrika/Bald%C5%B3-gamyba/100419717/Vilnius","+370 687 51220","public_phone_and_contact_url","Kiti nestandartiniai baldai","https://www.info.lt/rubrika/Bald%C5%B3-gamyba/100419717/Vilnius | https://rekvizitai.vz.lt/en/company/emira_ekspozicija/","2026-07-28"
"asdona","https://www.baldininkai.org/gamintojas/asdona/","Asdona","UAB Asdona","151329657","Vilnius","Antakalnio g. 4, Marijampolė","LT-68296","Vilnius, rytų ir pietų Lietuva","https://www.info.lt/rubrika/Bald%C5%B3-gamyba/100419717/Vilnius","+370 687 10471","public_phone_and_contact_url","Kiti nestandartiniai baldai","https://www.info.lt/rubrika/Bald%C5%B3-gamyba/100419717/Vilnius | https://rekvizitai.vz.lt/en/company/asdona/","2026-07-28"
"tavo-baldai","https://www.baldininkai.org/gamintojas/tavo-baldai/","Tavo baldai","UAB Tavo baldai","302442461","Vilnius","Verkių g. 39, Vilnius","","Vilnius, rytų ir pietų Lietuva","https://www.info.lt/rubrika/Bald%C5%B3-gamyba/100419717/Vilnius","+370 602 42541","public_phone_and_contact_url","Kiti nestandartiniai baldai","https://www.info.lt/rubrika/Bald%C5%B3-gamyba/100419717/Vilnius | https://rekvizitai.vz.lt/en/company/uab_tavo_baldai/","2026-07-28"
"privee","https://www.baldininkai.org/gamintojas/privee/","Privee","UAB Privee","302480234","Vilnius","Vytenio g. 13, Vilnius","LT-03112","Vilnius, rytų ir pietų Lietuva","https://www.info.lt/rubrika/Bald%C5%B3-gamyba/100419717/Vilnius","+370 659 00010","public_phone_and_contact_url","Kiti nestandartiniai baldai","https://www.info.lt/rubrika/Bald%C5%B3-gamyba/100419717/Vilnius | https://rekvizitai.vz.lt/en/company/interio_vilnius_uab/","2026-07-28"
"nimava","https://www.baldininkai.org/gamintojas/nimava/","Nimava","UAB Nimava","302823811","Vilnius","Smolensko g. 11-26, Vilnius","LT-03201","Vilnius, rytų ir pietų Lietuva","https://www.info.lt/rubrika/Bald%C5%B3-gamyba/100419717/Vilnius","+370 622 12951","public_phone_and_contact_url","Kiti nestandartiniai baldai","https://www.info.lt/rubrika/Bald%C5%B3-gamyba/100419717/Vilnius | https://rekvizitai.vz.lt/en/company/nimava/","2026-07-28"
"justura","https://www.baldininkai.org/gamintojas/justura/","Justura","UAB Justura","123637612","Vilnius","Justiniškių g. 16, Vilnius","LT-05100","Vilnius, rytų ir pietų Lietuva","https://www.info.lt/rubrika/Bald%C5%B3-gamyba/100419717/Vilnius","+370 000 00000","public_phone_and_contact_url","Kiti nestandartiniai baldai","https://www.info.lt/rubrika/Bald%C5%B3-gamyba/100419717/Vilnius | https://rekvizitai.vz.lt/en/company/uab_justura/","2026-07-28"
"archiformus","https://www.baldininkai.org/gamintojas/archiformus/","Archiformus","UAB Archiformus","303419469","Vilnius","Linkmenų g. 17, Vilnius","LT-09300","Vilnius, rytų ir pietų Lietuva","https://www.info.lt/rubrika/Bald%C5%B3-gamyba/100419717/Vilnius","+370 682 35565","public_phone_and_contact_url","Kiti nestandartiniai baldai","https://www.info.lt/rubrika/Bald%C5%B3-gamyba/100419717/Vilnius | https://rekvizitai.vz.lt/en/company/archiformus/","2026-07-28"
"miltra","https://www.baldininkai.org/gamintojas/miltra/","Miltra","MB Miltra","305913819","Vilnius","Žirmūnų g. 61-24, Vilnius","LT-09111","Vilnius, rytų ir pietų Lietuva","https://www.info.lt/rubrika/Bald%C5%B3-gamyba/100419717/Vilnius","+370 602 42474","public_phone_and_contact_url","Kiti nestandartiniai baldai","https://www.info.lt/rubrika/Bald%C5%B3-gamyba/100419717/Vilnius | https://rekvizitai.vz.lt/en/company/miltra/","2026-07-28"
"politechnologiju-centras","https://www.baldininkai.org/gamintojas/politechnologiju-centras/","Politechnologijų centras","VšĮ Politechnologijų centras","305073471","Skaidiškės","Bangos g. 12, Pakonių k., Vilniaus r.","LT-14211","Vilnius, rytų ir pietų Lietuva","https://www.info.lt/rubrika/Bald%C5%B3-gamyba/100419717/Vilnius","+370 673 98982","public_phone_and_contact_url","Kiti nestandartiniai baldai","https://www.info.lt/rubrika/Bald%C5%B3-gamyba/100419717/Vilnius | https://rekvizitai.vz.lt/en/company/politechnologiju_centras/","2026-07-28"
"eight-interjerai","https://www.baldininkai.org/gamintojas/eight-interjerai/","8 interjerai","MB 8 interjerai","306254097","Vilnius","Žirmūnų g. 97-59, Vilnius","LT-09115","Vilnius, rytų ir pietų Lietuva","https://www.info.lt/rubrika/Bald%C5%B3-gamyba/100419717/Vilnius","+370 601 01559","public_phone_and_contact_url","Kiti nestandartiniai baldai","https://www.info.lt/rubrika/Bald%C5%B3-gamyba/100419717/Vilnius | https://rekvizitai.vz.lt/en/company/8_interjerai/","2026-07-28"
"ebasibaldai","https://www.baldininkai.org/gamintojas/ebasibaldai/","Ebasibaldai","UAB Ebasibaldai","307166604","Kaunas","Povų g. 33, Digrių k., Kauno r.","LT-53369","Kaunas ir šiaurės Lietuva","https://www.info.lt/rubrika/Bald%C5%B3-gamyba/100419717/Kaunas","+370 602 00226","public_phone_and_contact_url","Kiti nestandartiniai baldai","https://www.info.lt/rubrika/Bald%C5%B3-gamyba/100419717/Kaunas | https://rekvizitai.vz.lt/en/company/ebasibaldai/","2026-07-28"
"sdline","https://www.baldininkai.org/gamintojas/sdline/","SDLine","MB SDLine","306095741","Kaunas","Draugystės g. 17-1, Kaunas","LT-51229","Kaunas ir šiaurės Lietuva","https://www.info.lt/rubrika/Bald%C5%B3-gamyba/100419717/Kaunas","+370 652 59603","public_phone_and_contact_url","Kiti nestandartiniai baldai","https://www.info.lt/rubrika/Bald%C5%B3-gamyba/100419717/Kaunas | https://rekvizitai.vz.lt/en/company/sdline/","2026-07-28"
"pupulis","https://www.baldininkai.org/gamintojas/pupulis/","Pupulis","UAB Pupulis","234691110","Kaunas","Panerių g. 55A-2A, Kaunas","LT-48327","Kaunas ir šiaurės Lietuva","https://www.info.lt/rubrika/Bald%C5%B3-gamyba/100419717/Kaunas","+370 37 454780","public_phone_and_contact_url","Kiti nestandartiniai baldai","https://www.info.lt/rubrika/Bald%C5%B3-gamyba/100419717/Kaunas | https://rekvizitai.vz.lt/en/company/pupulis/","2026-07-28"
"uostamiescio-baldai","https://www.baldininkai.org/gamintojas/uostamiescio-baldai/","Uostamiesčio baldai","MB Uostamiesčio baldai","306971316","Radailiai","Šimkų g. 29, Radailių k., Klaipėdos r.","LT-92400","Klaipėda, Panevėžys, vakarų ir vidurio Lietuva","https://www.info.lt/rubrika/Bald%C5%B3-gamyba/100419717/Klaip%C4%97da","+370 600 22024","public_phone_and_contact_url","Kiti nestandartiniai baldai","https://www.info.lt/rubrika/Bald%C5%B3-gamyba/100419717/Klaip%C4%97da | https://rekvizitai.vz.lt/en/company/uostamiescio_baldai/","2026-07-28"
"girkasas","https://www.baldininkai.org/gamintojas/girkasas/","Girkasas","UAB Girkasas","135979844","Kaunas","Piliakalnio g. 3, Kaunas","LT-46224","Kaunas ir šiaurės Lietuva","https://www.info.lt/rubrika/Bald%C5%B3-gamyba/100419717/Kaunas","+370 37 390665","public_phone_and_contact_url","Kiti nestandartiniai baldai","https://www.info.lt/rubrika/Bald%C5%B3-gamyba/100419717/Kaunas | https://rekvizitai.vz.lt/en/company/girkasas/","2026-07-28"
"dailsa","https://www.baldininkai.org/gamintojas/dailsa/","Dailsa","UAB Dailsa","302447526","Kaunas","Vaisių g. 17, Kaunas","","Kaunas ir šiaurės Lietuva","https://www.info.lt/rubrika/Bald%C5%B3-gamyba/100419717/Kaunas","+370 652 69281","public_phone_and_contact_url","Kiti nestandartiniai baldai","https://www.info.lt/rubrika/Bald%C5%B3-gamyba/100419717/Kaunas | https://rekvizitai.vz.lt/en/company/uab_dailsa/","2026-07-28"
"tegrana","https://www.baldininkai.org/gamintojas/tegrana/","Tegrana","UAB Tegrana","303077994","Noreikiškės","Saulėtekio g. 2, Noreikiškių k., Kauno r.","LT-53365","Kaunas ir šiaurės Lietuva","https://www.info.lt/rubrika/Bald%C5%B3-gamyba/100419717/Kaunas","+370 682 41219","public_phone_and_contact_url","Kiti nestandartiniai baldai","https://www.info.lt/rubrika/Bald%C5%B3-gamyba/100419717/Kaunas | https://rekvizitai.vz.lt/en/company/tegrana/","2026-07-28"
"baldai-sau","https://www.baldininkai.org/gamintojas/baldai-sau/","Baldai sau","UAB Baldai sau","303375300","Kaunas","A. Juozapavičiaus pr. 116, Kaunas","LT-45109","Kaunas ir šiaurės Lietuva","https://www.info.lt/rubrika/Bald%C5%B3-gamyba/100419717/Kaunas","+370 604 15880","public_phone_and_contact_url","Kiti nestandartiniai baldai","https://www.info.lt/rubrika/Bald%C5%B3-gamyba/100419717/Kaunas | https://rekvizitai.vz.lt/en/company/vl_baldai/","2026-07-28"
"girios-medis","https://www.baldininkai.org/gamintojas/girios-medis/","Girios medis","UAB Girios medis","304058242","Pypliai","Eglės g. 5, Pyplių k., Kauno r.","LT-53456","Kaunas ir šiaurės Lietuva","https://www.info.lt/rubrika/Bald%C5%B3-gamyba/100419717/Kaunas","+370 670 07289","public_phone_and_contact_url","Kiti nestandartiniai baldai","https://www.info.lt/rubrika/Bald%C5%B3-gamyba/100419717/Kaunas | https://rekvizitai.vz.lt/en/company/girios_medis/","2026-07-28"
"uosedma","https://www.baldininkai.org/gamintojas/uosedma/","Uosedma","UAB Uosedma","304193126","Kaunas","Medšarkių tak. 27, Kaunas","","Kaunas ir šiaurės Lietuva","https://www.info.lt/rubrika/Bald%C5%B3-gamyba/100419717/Kaunas","+370 650 52225","public_phone_and_contact_url","Kiti nestandartiniai baldai","https://www.info.lt/rubrika/Bald%C5%B3-gamyba/100419717/Kaunas | https://rekvizitai.vz.lt/en/company/uosedma/","2026-07-28"
"minshape","https://www.baldininkai.org/gamintojas/minshape/","Minshape","M. Jakučionio IVV Minshape","2396383","Lapės","","","Kaunas ir šiaurės Lietuva","https://www.info.lt/rubrika/Bald%C5%B3-gamyba/100419717/Kaunas","","public_contact_url","Kiti nestandartiniai baldai","https://www.info.lt/rubrika/Bald%C5%B3-gamyba/100419717/Kaunas | https://get.data.gov.lt/datasets/gov/rc/jar/iregistruoti/JuridinisAsmuo | https://rekvizitai.vz.lt/en/company/mindaugo_jakucionio_individuali_veikla/","2026-07-28"
"a2a-lt","https://www.baldininkai.org/gamintojas/a2a-lt/","A2A LT","UAB A2A LT","304509916","Kaunas","Draugystės g. 17-1, Kaunas","","Kaunas ir šiaurės Lietuva","https://www.info.lt/rubrika/Bald%C5%B3-gamyba/100419717/Kaunas","+370 37 245777","public_phone_and_contact_url","Kiti nestandartiniai baldai","https://www.info.lt/rubrika/Bald%C5%B3-gamyba/100419717/Kaunas | https://rekvizitai.vz.lt/en/company/a2a_lt/","2026-07-28"
"juodas-taskas","https://www.baldininkai.org/gamintojas/juodas-taskas/","Juodas taškas","UAB Juodas taškas","304632961","Kaunas","Alko g. 30, Kaunas","LT-45251","Kaunas ir šiaurės Lietuva","https://www.info.lt/rubrika/Bald%C5%B3-gamyba/100419717/Kaunas","+370 613 10119","public_phone_and_contact_url","Kiti nestandartiniai baldai","https://www.info.lt/rubrika/Bald%C5%B3-gamyba/100419717/Kaunas | https://rekvizitai.vz.lt/en/company/juodas_taskas/","2026-07-28"
"nexa-lt","https://www.baldininkai.org/gamintojas/nexa-lt/","Nexa LT","UAB Nexa LT","304772671","Kaunas","Jonavos g. 20, Kaunas","LT-44262","Kaunas ir šiaurės Lietuva","https://www.info.lt/rubrika/Bald%C5%B3-gamyba/100419717/Kaunas","+370 623 94433","public_phone_and_contact_url","Kiti nestandartiniai baldai","https://www.info.lt/rubrika/Bald%C5%B3-gamyba/100419717/Kaunas | https://rekvizitai.vz.lt/en/company/nexa_lt/","2026-07-28"
"eineros-baldai","https://www.baldininkai.org/gamintojas/eineros-baldai/","Eineros baldai","MB Eineros baldai","305151856","Karmėlava","Baldininkų g. 15, Karmėlava, Kauno r.","","Kaunas ir šiaurės Lietuva","https://www.info.lt/rubrika/Bald%C5%B3-gamyba/100419717/Kaunas","+370 655 65605","public_phone_and_contact_url","Kiti nestandartiniai baldai","https://www.info.lt/rubrika/Bald%C5%B3-gamyba/100419717/Kaunas | https://rekvizitai.vz.lt/en/company/eineros_baldai/","2026-07-28"
"elniaragis","https://www.baldininkai.org/gamintojas/elniaragis/","Elniaragis","IĮ Elniaragis","305226892","Kaunas","Leipalingio g. 6A-1, Kaunas","","Kaunas ir šiaurės Lietuva","https://www.info.lt/rubrika/Bald%C5%B3-gamyba/100419717/Kaunas","+370 673 22573","public_phone_and_contact_url","Kiti nestandartiniai baldai","https://www.info.lt/rubrika/Bald%C5%B3-gamyba/100419717/Kaunas | https://rekvizitai.vz.lt/en/company/elniaragis/","2026-07-28"
"ovalus-kampai","https://www.baldininkai.org/gamintojas/ovalus-kampai/","Ovalūs kampai","MB Ovalūs kampai","305336972","Kaunas","Raudondvario pl. 164, Kaunas","LT-47173","Kaunas ir šiaurės Lietuva","https://www.info.lt/rubrika/Bald%C5%B3-gamyba/100419717/Kaunas","+370 37 880185","public_phone_and_contact_url","Kiti nestandartiniai baldai","https://www.info.lt/rubrika/Bald%C5%B3-gamyba/100419717/Kaunas | https://rekvizitai.vz.lt/en/company/ovalus_kampai/","2026-07-28"
"toto-baldai","https://www.baldininkai.org/gamintojas/toto-baldai/","Toto baldai","MB Toto baldai","305676708","Kaunas","Gražiškių k. 8, Gražiškių k., Šakių r.","LT-71281","Kaunas ir šiaurės Lietuva","https://www.info.lt/rubrika/Bald%C5%B3-gamyba/100419717/Kaunas","+370 618 71970","public_phone_and_contact_url","Kiti nestandartiniai baldai","https://www.info.lt/rubrika/Bald%C5%B3-gamyba/100419717/Kaunas | https://rekvizitai.vz.lt/en/company/toto_baldai/","2026-07-28"
"baldu-kalnas","https://www.baldininkai.org/gamintojas/baldu-kalnas/","Baldų kalnas","MB Baldų kalnas","305621836","Kaunas","Nemuno g. 3","LT-46159","Kaunas ir šiaurės Lietuva","https://www.info.lt/rubrika/Bald%C5%B3-gamyba/100419717/Kaunas","","public_contact_url","Kiti nestandartiniai baldai","https://www.info.lt/rubrika/Bald%C5%B3-gamyba/100419717/Kaunas | https://rekvizitai.vz.lt/en/company/baldu_kalnas/","2026-07-28"
"resize-design","https://www.baldininkai.org/gamintojas/resize-design/","Resize Design","UAB Resize Design","305529957","Kaunas","Jonavos g. 254, Kaunas","","Kaunas ir šiaurės Lietuva","https://www.info.lt/rubrika/Bald%C5%B3-gamyba/100419717/Kaunas","+370 614 40165","public_phone_and_contact_url","Kiti nestandartiniai baldai","https://www.info.lt/rubrika/Bald%C5%B3-gamyba/100419717/Kaunas | https://rekvizitai.vz.lt/en/company/resize_design/","2026-07-28"
"baldrama","https://www.baldininkai.org/gamintojas/baldrama/","Baldrama","MB Baldrama","305691795","Kaunas","Parko g. 14, Ringaudai, Kauno r.","LT-53331","Kaunas ir šiaurės Lietuva","https://www.info.lt/rubrika/Bald%C5%B3-gamyba/100419717/Kaunas","+370 611 81125","public_phone_and_contact_url","Kiti nestandartiniai baldai","https://www.info.lt/rubrika/Bald%C5%B3-gamyba/100419717/Kaunas | https://rekvizitai.vz.lt/en/company/baldrama/","2026-07-28"
"sapelli","https://www.baldininkai.org/gamintojas/sapelli/","Sapelli","UAB Sapelli","305755098","Kaunas","Kertupio g. 38, Neveronys, Kauno r.","LT-54487","Kaunas ir šiaurės Lietuva","https://www.info.lt/rubrika/Bald%C5%B3-gamyba/100419717/Kaunas","+370 603 04617","public_phone_and_contact_url","Kiti nestandartiniai baldai","https://www.info.lt/rubrika/Bald%C5%B3-gamyba/100419717/Kaunas | https://rekvizitai.vz.lt/en/company/sapelli_uab/","2026-07-28"
"madamedi","https://www.baldininkai.org/gamintojas/madamedi/","Madamedi","MB Madamedi","305874227","Kaunas","Margavos g. 34, Kaunas","","Kaunas ir šiaurės Lietuva","https://www.info.lt/rubrika/Bald%C5%B3-gamyba/100419717/Kaunas","+370 649 91239","public_phone_and_contact_url","Kiti nestandartiniai baldai","https://www.info.lt/rubrika/Bald%C5%B3-gamyba/100419717/Kaunas | https://rekvizitai.vz.lt/en/company/madamedi/","2026-07-28"
"deivio-baldai","https://www.baldininkai.org/gamintojas/deivio-baldai/","Deivio baldai","MB Deivio baldai","305988857","Kaunas","Tvirtovės al. 83-8, Kaunas","LT-50154","Kaunas ir šiaurės Lietuva","https://www.info.lt/rubrika/Bald%C5%B3-gamyba/100419717/Kaunas","+370 656 95147","public_phone_and_contact_url","Kiti nestandartiniai baldai","https://www.info.lt/rubrika/Bald%C5%B3-gamyba/100419717/Kaunas | https://rekvizitai.vz.lt/en/company/deivio_baldai/","2026-07-28"
"esme-furniture","https://www.baldininkai.org/gamintojas/esme-furniture/","Esme furniture","UAB Esme furniture","306083568","Kaunas","Parodos g. 20-1, Kaunas","LT-44215","Kaunas ir šiaurės Lietuva","https://www.info.lt/rubrika/Bald%C5%B3-gamyba/100419717/Kaunas","+370 683 98769","public_phone_and_contact_url","Kiti nestandartiniai baldai","https://www.info.lt/rubrika/Bald%C5%B3-gamyba/100419717/Kaunas | https://rekvizitai.vz.lt/en/company/esme_furniture/","2026-07-28"
"solid-furniture","https://www.baldininkai.org/gamintojas/solid-furniture/","Solid Furniture","MB Solid Furniture","306558634","Narsiečiai","Povilo Revento g. 17, Narsiečių k., Kauno r.","LT-53304","Kaunas ir šiaurės Lietuva","https://www.info.lt/rubrika/Bald%C5%B3-gamyba/100419717/Kaunas","+370 655 91551","public_phone_and_contact_url","Kiti nestandartiniai baldai","https://www.info.lt/rubrika/Bald%C5%B3-gamyba/100419717/Kaunas | https://rekvizitai.vz.lt/en/company/solid_furniture/","2026-07-28"
"decus-furniture","https://www.baldininkai.org/gamintojas/decus-furniture/","Decus furniture","MB Decus furniture","306999340","Domeikava","Laisvės al. 85E-5, Kaunas","LT-44297","Kaunas ir šiaurės Lietuva","https://www.info.lt/rubrika/Bald%C5%B3-gamyba/100419717/Kaunas","+370 669 53410","public_phone_and_contact_url","Kiti nestandartiniai baldai","https://www.info.lt/rubrika/Bald%C5%B3-gamyba/100419717/Kaunas | https://rekvizitai.vz.lt/en/company/decus_furniture/","2026-07-28"
"baldu-tema","https://www.baldininkai.org/gamintojas/baldu-tema/","Baldų tema","MB Baldų tema","307084203","Kaunas","Laisvės al. 110, Kaunas","LT-44253","Kaunas ir šiaurės Lietuva","https://www.info.lt/rubrika/Bald%C5%B3-gamyba/100419717/Kaunas","+370 666 80001","public_phone_and_contact_url","Kiti nestandartiniai baldai","https://www.info.lt/rubrika/Bald%C5%B3-gamyba/100419717/Kaunas | https://rekvizitai.vz.lt/en/company/baldu_tema/","2026-07-28"
"aretida","https://www.baldininkai.org/gamintojas/aretida/","Aretida","UAB Aretida","145292688","Šiauliai","Metalistų g. 5, Šiauliai","LT-78120","Klaipėda, Panevėžys, vakarų ir vidurio Lietuva","https://www.info.lt/rubrika/Bald%C5%B3-gamyba/100419717/%C5%A0iauliai","+370 614 59780","public_phone_and_contact_url","Kiti nestandartiniai baldai","https://www.info.lt/rubrika/Bald%C5%B3-gamyba/100419717/%C5%A0iauliai | https://rekvizitai.vz.lt/en/company/aretida/","2026-07-28"
"domo-verslas","https://www.baldininkai.org/gamintojas/domo-verslas/","Domo verslas","UAB Domo verslas","302427986","Šiauliai","Verdulių g. 40, Šiauliai","LT-78111","Klaipėda, Panevėžys, vakarų ir vidurio Lietuva","https://www.info.lt/rubrika/Bald%C5%B3-gamyba/100419717/%C5%A0iauliai","+370 631 59040","public_phone_and_contact_url","Kiti nestandartiniai baldai","https://www.info.lt/rubrika/Bald%C5%B3-gamyba/100419717/%C5%A0iauliai | https://rekvizitai.vz.lt/en/company/uab_domo_verslas/","2026-07-28"
"baldingas","https://www.baldininkai.org/gamintojas/baldingas/","Baldingas","UAB Baldingas","300573914","Pakapė","Tytuvėnų g. 1A, Pakapės k., Šiaulių r.","LT-80146","Klaipėda, Panevėžys, vakarų ir vidurio Lietuva","https://www.info.lt/rubrika/Bald%C5%B3-gamyba/100419717/%C5%A0iauliai","+370 682 28589","public_phone_and_contact_url","Kiti nestandartiniai baldai","https://www.info.lt/rubrika/Bald%C5%B3-gamyba/100419717/%C5%A0iauliai | https://rekvizitai.vz.lt/en/company/baldingas/","2026-07-28"
"nv-cnc-projektai","https://www.baldininkai.org/gamintojas/nv-cnc-projektai/","NV CNC Projektai","UAB NV CNC Projektai","305438169","Šiauliai","Vileikių k. 9, Vileikių k., Šiaulių r.","","Klaipėda, Panevėžys, vakarų ir vidurio Lietuva","https://www.info.lt/rubrika/Bald%C5%B3-gamyba/100419717/%C5%A0iauliai","+370 684 77062","public_phone_and_contact_url","Kiti nestandartiniai baldai","https://www.info.lt/rubrika/Bald%C5%B3-gamyba/100419717/%C5%A0iauliai | https://rekvizitai.vz.lt/en/company/nv_cnc_projektai/","2026-07-28"
"solidus-furniture","https://www.baldininkai.org/gamintojas/solidus-furniture/","Solidus furniture","UAB Solidus furniture","305556139","Ginkūnai","Rasos g. 23J, Ginkūnų k., Šiaulių r.","","Klaipėda, Panevėžys, vakarų ir vidurio Lietuva","https://www.info.lt/rubrika/Bald%C5%B3-gamyba/100419717/%C5%A0iauliai","+370 603 02526","public_phone_and_contact_url","Kiti nestandartiniai baldai","https://www.info.lt/rubrika/Bald%C5%B3-gamyba/100419717/%C5%A0iauliai | https://rekvizitai.vz.lt/en/company/solidus_furniture/","2026-07-28"
"baldai-saldziam-miegui","https://www.baldininkai.org/gamintojas/baldai-saldziam-miegui/","Baldai saldžiam miegui","UAB Baldai saldžiam miegui","305592605","Šiauliai","Aido g. 13-7, Šiauliai","LT-78291","Klaipėda, Panevėžys, vakarų ir vidurio Lietuva","https://www.info.lt/rubrika/Bald%C5%B3-gamyba/100419717/%C5%A0iauliai","","public_contact_url","Kiti nestandartiniai baldai","https://www.info.lt/rubrika/Bald%C5%B3-gamyba/100419717/%C5%A0iauliai | https://rekvizitai.vz.lt/en/company/baldai_saldziam_miegui/","2026-07-28"
"remigijaus-baldai","https://www.baldininkai.org/gamintojas/remigijaus-baldai/","Remigijaus baldai","Remigijaus baldai","2444496","Šiauliai","","","Klaipėda, Panevėžys, vakarų ir vidurio Lietuva","https://www.info.lt/rubrika/Bald%C5%B3-gamyba/100419717/%C5%A0iauliai","","public_contact_url","Kiti nestandartiniai baldai","https://www.info.lt/rubrika/Bald%C5%B3-gamyba/100419717/%C5%A0iauliai | https://www.remigijaus-baldai.lt/","2026-07-28"
"baldini","https://www.baldininkai.org/gamintojas/baldini/","Baldini","MB Baldini","305894849","Šiauliai","Pramonės g. 77, Šiauliai","","Klaipėda, Panevėžys, vakarų ir vidurio Lietuva","https://www.info.lt/rubrika/Bald%C5%B3-gamyba/100419717/%C5%A0iauliai","+370 685 38277","public_phone_and_contact_url","Kiti nestandartiniai baldai","https://www.info.lt/rubrika/Bald%C5%B3-gamyba/100419717/%C5%A0iauliai | https://rekvizitai.vz.lt/en/company/baldini/","2026-07-28"
"minkstas-ir-minkstesnis","https://www.baldininkai.org/gamintojas/minkstas-ir-minkstesnis/","Minkštas ir minkštesnis","MB Minkštas ir minkštesnis","306161860","Voveriškiai","Ryto g. 7, Voveriškių k., Šiaulių r.","LT-77194","Klaipėda, Panevėžys, vakarų ir vidurio Lietuva","https://www.info.lt/rubrika/Bald%C5%B3-gamyba/100419717/%C5%A0iauliai","+370 609 01080","public_phone_and_contact_url","Kiti nestandartiniai baldai","https://www.info.lt/rubrika/Bald%C5%B3-gamyba/100419717/%C5%A0iauliai | https://rekvizitai.vz.lt/en/company/minkstas_ir_minkstesnis/","2026-07-28"
"almyros-baldai","https://www.baldininkai.org/gamintojas/almyros-baldai/","Almyros baldai","A. Pakarnio įmonė Almyros baldai","145073477","Šiauliai","Dainų g. 46A","LT-78284","Klaipėda, Panevėžys, vakarų ir vidurio Lietuva","https://www.info.lt/rubrika/Bald%C5%B3-gamyba/100419717/%C5%A0iauliai","","public_contact_url","Kiti nestandartiniai baldai","https://www.info.lt/rubrika/Bald%C5%B3-gamyba/100419717/%C5%A0iauliai | https://get.data.gov.lt/datasets/gov/rc/jar/iregistruoti/JuridinisAsmuo | https://rekvizitai.vz.lt/en/company/a_pakarnio_ii/","2026-07-28"
"baldinta","https://www.baldininkai.org/gamintojas/baldinta/","Baldinta","MB Baldinta","306047230","Raudėnai","Pirties g. 1, Raudėnų k., Šiaulių r.","","Klaipėda, Panevėžys, vakarų ir vidurio Lietuva","https://www.info.lt/rubrika/Bald%C5%B3-gamyba/100419717/%C5%A0iauliai","+370 616 58816","public_phone_and_contact_url","Kiti nestandartiniai baldai","https://www.info.lt/rubrika/Bald%C5%B3-gamyba/100419717/%C5%A0iauliai | https://rekvizitai.vz.lt/en/company/baldinta/","2026-07-28"
"uab-fenolita-124264828","https://www.baldininkai.org/gamintojas/uab-fenolita-124264828/","Uždaroji akcinė bendrovė ""FENOLITA""","Uždaroji akcinė bendrovė ""FENOLITA""","124264828","Vilnius","Jono Puzino g. 21","LT-08300","Vilnius, rytų ir pietų Lietuva","","+37069820048","public_phone","Kiti nestandartiniai baldai","https://get.data.gov.lt/datasets/gov/lsd/cl/ja_asmenys/JuridinisAsmuo/1a197d41-7008-4e59-8881-28b9ef9ffc20 | https://get.data.gov.lt/datasets/gov/rc/ar/gyvenamojivietove/GyvenamojiVietove/2646f0bc-39a9-4770-88bd-0a53b1c9b9bf | https://rekvizitai.vz.lt/en/company/fenolita/","2026-07-28"
"diansa","https://www.baldininkai.org/gamintojas/diansa/","Diansa","UAB Diansa","305618459","Katinai","Naujakurių g. 2F, Katinų. k, Panevėžio r.","LT-38224","Klaipėda, Panevėžys, vakarų ir vidurio Lietuva","https://www.info.lt/rubrika/Bald%C5%B3-gamyba/100419717/Panev%C4%97%C5%BEys","+370 677 06425","public_phone_and_contact_url","Kiti nestandartiniai baldai","https://www.info.lt/rubrika/Bald%C5%B3-gamyba/100419717/Panev%C4%97%C5%BEys | https://rekvizitai.vz.lt/en/company/diansa/","2026-07-28"
"dominari","https://www.baldininkai.org/gamintojas/dominari/","Dominari","UAB Dominari","302559856","Šilagalys","Panevėžio aplinkl. 13, Šilagalio k., Panevėžio r.","LT-36258","Klaipėda, Panevėžys, vakarų ir vidurio Lietuva","https://www.info.lt/rubrika/Bald%C5%B3-gamyba/100419717/Panev%C4%97%C5%BEys","+370 45 454014","public_phone_and_contact_url","Kiti nestandartiniai baldai","https://www.info.lt/rubrika/Bald%C5%B3-gamyba/100419717/Panev%C4%97%C5%BEys | https://rekvizitai.vz.lt/en/company/dominari/","2026-07-28"
"dominati","https://www.baldininkai.org/gamintojas/dominati/","Dominati","UAB Dominati","302097549","Panevėžys","J. Janonio g. 1, Panevėžys","","Klaipėda, Panevėžys, vakarų ir vidurio Lietuva","https://www.info.lt/rubrika/Bald%C5%B3-gamyba/100419717/Panev%C4%97%C5%BEys","+370 616 88886","public_phone_and_contact_url","Kiti nestandartiniai baldai","https://www.info.lt/rubrika/Bald%C5%B3-gamyba/100419717/Panev%C4%97%C5%BEys | https://rekvizitai.vz.lt/en/company/baltic_metalglass/","2026-07-28"
"nordo-home","https://www.baldininkai.org/gamintojas/nordo-home/","Nordo home","MB Nordo home","306393798","Berniūnai","Jaunimo g. 11, Berniūnų k., Panevėžio r.","LT-38365","Klaipėda, Panevėžys, vakarų ir vidurio Lietuva","https://www.info.lt/rubrika/Bald%C5%B3-gamyba/100419717/Panev%C4%97%C5%BEys","","public_contact_url","Kiti nestandartiniai baldai","https://www.info.lt/rubrika/Bald%C5%B3-gamyba/100419717/Panev%C4%97%C5%BEys | https://rekvizitai.vz.lt/en/company/ed_baldai/","2026-07-28"
"baldaiidea","https://www.baldininkai.org/gamintojas/baldaiidea/","Baldaiidea","MB Baldaiidea","306155793","Panevėžys","Algirdo g. 23-60, Panevėžys","","Klaipėda, Panevėžys, vakarų ir vidurio Lietuva","https://www.info.lt/rubrika/Bald%C5%B3-gamyba/100419717/Panev%C4%97%C5%BEys","+370 601 84981","public_phone_and_contact_url","Kiti nestandartiniai baldai","https://www.info.lt/rubrika/Bald%C5%B3-gamyba/100419717/Panev%C4%97%C5%BEys | https://rekvizitai.vz.lt/en/company/baldaiidea/","2026-07-28"
"jamuraj","https://www.baldininkai.org/gamintojas/jamuraj/","Jamuraj","MB Jamuraj","306411876","Piniava","Sodžiaus g. 32, Piniavos k., Panevėžio r.","LT-38416","Klaipėda, Panevėžys, vakarų ir vidurio Lietuva","https://www.info.lt/rubrika/Bald%C5%B3-gamyba/100419717/Panev%C4%97%C5%BEys","+370 683 50637","public_phone_and_contact_url","Kiti nestandartiniai baldai","https://www.info.lt/rubrika/Bald%C5%B3-gamyba/100419717/Panev%C4%97%C5%BEys | https://rekvizitai.vz.lt/en/company/jamuraj/","2026-07-28"
"kaip-pas-teti","https://www.baldininkai.org/gamintojas/kaip-pas-teti/","Kaip pas tėtį","MB Kaip pas tėtį","306619208","Ramygala","Kaštonų g. 4-5, Ramygala, Panevėžio r.","LT-38264","Klaipėda, Panevėžys, vakarų ir vidurio Lietuva","https://www.info.lt/rubrika/Bald%C5%B3-gamyba/100419717/Panev%C4%97%C5%BEys","+370 690 27671","public_phone_and_contact_url","Kiti nestandartiniai baldai","https://www.info.lt/rubrika/Bald%C5%B3-gamyba/100419717/Panev%C4%97%C5%BEys | https://rekvizitai.vz.lt/en/company/kaip_pas_teti/","2026-07-28"
"gmdg","https://www.baldininkai.org/gamintojas/gmdg/","Gmdg","V. Grinienės IĮ Gmdg","148507797","Panevėžys","Vilniaus g. 3-3, Panevėžys","LT-35199","Klaipėda, Panevėžys, vakarų ir vidurio Lietuva","https://www.info.lt/rubrika/Bald%C5%B3-gamyba/100419717/Panev%C4%97%C5%BEys","+370 676 38470","public_phone_and_contact_url","Kiti nestandartiniai baldai","https://www.info.lt/rubrika/Bald%C5%B3-gamyba/100419717/Panev%C4%97%C5%BEys | https://get.data.gov.lt/datasets/gov/rc/jar/iregistruoti/JuridinisAsmuo | https://rekvizitai.vz.lt/en/company/gmdg_v_grinienes_ii/","2026-07-28"
"ironix","https://www.baldininkai.org/gamintojas/ironix/","Ironix","MB Ironix","307158244","Kerava","Ąžuolų g. 16, Keravos k., Panevėžio r.","LT-38131","Klaipėda, Panevėžys, vakarų ir vidurio Lietuva","https://www.info.lt/rubrika/Bald%C5%B3-gamyba/100419717/Panev%C4%97%C5%BEys","+370 652 66276","public_phone_and_contact_url","Kiti nestandartiniai baldai","https://www.info.lt/rubrika/Bald%C5%B3-gamyba/100419717/Panev%C4%97%C5%BEys | https://rekvizitai.vz.lt/en/company/ironix/","2026-07-28"
"nemuno-sistemos","https://www.baldininkai.org/gamintojas/nemuno-sistemos/","Nemuno sistemos","MB Nemuno sistemos","306997955","Panevėžys","Vilniaus g. 27A, Panevėžys","LT-36100","Klaipėda, Panevėžys, vakarų ir vidurio Lietuva","https://www.info.lt/rubrika/Bald%C5%B3-gamyba/100419717/Panev%C4%97%C5%BEys","+370 603 51931","public_phone_and_contact_url","Kiti nestandartiniai baldai","https://www.info.lt/rubrika/Bald%C5%B3-gamyba/100419717/Panev%C4%97%C5%BEys | https://rekvizitai.vz.lt/en/company/nemuno_sistemos/","2026-07-28"
"stone-studio","https://www.baldininkai.org/gamintojas/stone-studio/","Stone studio","UAB Stone studio","306650100","Panevėžys","Liepų al. 3-37, Panevėžys","LT-35139","Klaipėda, Panevėžys, vakarų ir vidurio Lietuva","https://www.info.lt/rubrika/Bald%C5%B3-gamyba/100419717/Panev%C4%97%C5%BEys","+370 637 58909","public_phone_and_contact_url","Kiti nestandartiniai baldai","https://www.info.lt/rubrika/Bald%C5%B3-gamyba/100419717/Panev%C4%97%C5%BEys | https://rekvizitai.vz.lt/en/company/stone_studio/","2026-07-28"
"s-monta","https://www.baldininkai.org/gamintojas/s-monta/","S-monta","MB S-monta","307341039","Alytus","V. Nagevičiaus g. 3, Vilnius","LT-08237","Vilnius, rytų ir pietų Lietuva","https://www.info.lt/rubrika/Bald%C5%B3-gamyba/100419717/Alytus","+370 698 12153","public_phone_and_contact_url","Kiti nestandartiniai baldai","https://www.info.lt/rubrika/Bald%C5%B3-gamyba/100419717/Alytus | https://rekvizitai.vz.lt/en/company/s_monta/","2026-07-28"
"alantas-baldu-salonas","https://www.baldininkai.org/gamintojas/alantas-baldu-salonas/","Alantas, baldų salonas","Alantas, baldų salonas, UAB","","Kaunas","","","Kaunas ir šiaurės Lietuva","","","no_public_contact_route","Kiti baldai","https://rekvizitai.vz.lt/en/company/alantas_baldu_salonas/ | https://get.data.gov.lt/datasets/gov/rc/jar/iregistruoti/JuridinisAsmuo","2026-08-04"
"valdrena","https://www.baldininkai.org/gamintojas/valdrena/","Valdrena","Valdrena, MB","306260303","Klaipėda","","","Klaipėda, Panevėžys, vakarų ir centrinė Lietuva","","+37067964660","public_phone","Kiti baldai","https://rekvizitai.vz.lt/en/company/valdrena/ | https://get.data.gov.lt/datasets/gov/rc/jar/iregistruoti/JuridinisAsmuo/8eff10dd-f2f7-44cd-886c-c8a8e9daa888","2026-08-04"
"dronga-medienos-meistrai","https://www.baldininkai.org/gamintojas/dronga-medienos-meistrai/","Dronga, medienos meistrai","","","Klaipėda","","","Klaipėda, Panevėžys, vakarų ir centrinė Lietuva","","","no_public_contact_route","Kiti baldai","https://rekvizitai.vz.lt/en/company/dronga_medienos_meistrai/ | https://get.data.gov.lt/datasets/gov/rc/jar/iregistruoti/JuridinisAsmuo","2026-08-04"
"romanta","https://www.baldininkai.org/gamintojas/romanta/","Romanta","Romanta, MB","","Klaipėda","","","Klaipėda, Panevėžys, vakarų ir centrinė Lietuva","","","no_public_contact_route","Kiti baldai","https://rekvizitai.vz.lt/en/company/romanta/ | https://get.data.gov.lt/datasets/gov/rc/jar/iregistruoti/JuridinisAsmuo","2026-08-04"
"laumes-baldu-gamyba","https://www.baldininkai.org/gamintojas/laumes-baldu-gamyba/","Laumės baldų gamyba","Laumės baldų gamyba, UAB","","Klaipėda","","","Klaipėda, Panevėžys, vakarų ir centrinė Lietuva","","","no_public_contact_route","Kiti baldai","https://rekvizitai.vz.lt/en/company/laumes_baldu_gamyba/ | https://get.data.gov.lt/datasets/gov/rc/jar/iregistruoti/JuridinisAsmuo","2026-08-04"
"baldijos-projektai","https://www.baldininkai.org/gamintojas/baldijos-projektai/","Baldijos projektai","Baldijos projektai, UAB","304903252","Klaipėda","","","Klaipėda, Panevėžys, vakarų ir centrinė Lietuva","","+37068877340","public_phone","Kiti baldai","https://rekvizitai.vz.lt/en/company/baldijos_projektai/ | https://get.data.gov.lt/datasets/gov/rc/jar/iregistruoti/JuridinisAsmuo/90f0f5e9-bc7d-4a0e-a953-646d9af28c3f","2026-08-04"
"anp-inovaciniai-sprendimai","https://www.baldininkai.org/gamintojas/anp-inovaciniai-sprendimai/","ANP inovaciniai sprendimai","ANP inovaciniai sprendimai, UAB","305604331","Klaipėda","","","Klaipėda, Panevėžys, vakarų ir centrinė Lietuva","","+37067347777","public_phone","Kiti baldai","https://rekvizitai.vz.lt/en/company/anp_inovaciniai_sprendimai/ | https://get.data.gov.lt/datasets/gov/rc/jar/iregistruoti/JuridinisAsmuo/34fda8d2-3fc6-488e-9bda-21b67be09b8f","2026-08-04"
"pajurio-baldai","https://www.baldininkai.org/gamintojas/pajurio-baldai/","Pajūrio baldai","Pajūrio baldai, UAB","","Klaipėda","","","Klaipėda, Panevėžys, vakarų ir centrinė Lietuva","","","no_public_contact_route","Kiti baldai","https://rekvizitai.vz.lt/en/company/pajurio_baldai/ | https://get.data.gov.lt/datasets/gov/rc/jar/iregistruoti/JuridinisAsmuo","2026-08-04"
"klaipedos-baldai","https://www.baldininkai.org/gamintojas/klaipedos-baldai/","Klaipėdos baldai","Klaipėdos baldai, UAB","140656052","Klaipėda","","","Klaipėda, Panevėžys, vakarų ir centrinė Lietuva","","+37069450451","public_phone","Kiti baldai","https://rekvizitai.vz.lt/en/company/klaipedos_baldai/ | https://get.data.gov.lt/datasets/gov/rc/jar/iregistruoti/JuridinisAsmuo","2026-08-04"
"minijos-baldai","https://www.baldininkai.org/gamintojas/minijos-baldai/","Minijos baldai","Minijos baldai, UAB","140258454","Klaipėda","","","Klaipėda, Panevėžys, vakarų ir centrinė Lietuva","","","no_public_contact_route","Kiti baldai","https://rekvizitai.vz.lt/en/company/minijos_baldai/ | https://get.data.gov.lt/datasets/gov/rc/jar/iregistruoti/JuridinisAsmuo","2026-08-04"
"sakuona","https://www.baldininkai.org/gamintojas/sakuona/","Sakuona","Sakuona, UAB","163314524","Klaipėda","","","Klaipėda, Panevėžys, vakarų ir centrinė Lietuva","","+37046440241","public_phone","Kiti baldai","https://rekvizitai.vz.lt/en/company/sakuona/ | https://get.data.gov.lt/datasets/gov/rc/jar/iregistruoti/JuridinisAsmuo","2026-08-04"
"dovaina","https://www.baldininkai.org/gamintojas/dovaina/","Dovaina","Dovaina, UAB","","Klaipėda","","","Klaipėda, Panevėžys, vakarų ir centrinė Lietuva","","","no_public_contact_route","Kiti baldai","https://rekvizitai.vz.lt/en/company/dovaina/ | https://get.data.gov.lt/datasets/gov/rc/jar/iregistruoti/JuridinisAsmuo","2026-08-04"
"bd-furniture","https://www.baldininkai.org/gamintojas/bd-furniture/","BD Furniture","BD Furniture, UAB","","Šiauliai","","","Kaunas ir šiaurės Lietuva","","","no_public_contact_route","Kiti baldai","https://rekvizitai.vz.lt/en/company/bd_furniture/ | https://get.data.gov.lt/datasets/gov/rc/jar/iregistruoti/JuridinisAsmuo","2026-08-04"
"rejben-baldai","https://www.baldininkai.org/gamintojas/rejben-baldai/","Rejben baldai","Rejben baldai, UAB","","Šiauliai","","","Kaunas ir šiaurės Lietuva","","","no_public_contact_route","Kiti baldai","https://rekvizitai.vz.lt/en/company/rejben_baldai/ | https://get.data.gov.lt/datasets/gov/rc/jar/iregistruoti/JuridinisAsmuo","2026-08-04"
"kesna","https://www.baldininkai.org/gamintojas/kesna/","Kesna","Kesna, UAB","303332085","Šiauliai","","","Kaunas ir šiaurės Lietuva","","","no_public_contact_route","Kiti baldai","https://rekvizitai.vz.lt/en/company/kesna/ | https://get.data.gov.lt/datasets/gov/rc/jar/iregistruoti/JuridinisAsmuo","2026-08-04"
"baldu-aleja","https://www.baldininkai.org/gamintojas/baldu-aleja/","Baldų alėja","Baldų alėja, UAB","145755086","Šiauliai","","","Kaunas ir šiaurės Lietuva","","+37041523478","public_phone","Kiti baldai","https://rekvizitai.vz.lt/en/company/baldu_aleja/ | https://get.data.gov.lt/datasets/gov/rc/jar/iregistruoti/JuridinisAsmuo","2026-08-04"
"tribus","https://www.baldininkai.org/gamintojas/tribus/","Tribus","Tribus, UAB","302719951","Panevėžys","","","Klaipėda, Panevėžys, vakarų ir centrinė Lietuva","","+37065617811","public_phone","Kiti baldai","https://rekvizitai.vz.lt/en/company/tribus/ | https://get.data.gov.lt/datasets/gov/rc/jar/iregistruoti/JuridinisAsmuo/0ee25618-44a3-4e25-968d-7bbe1c41204c","2026-08-04"
"mk-baldai","https://www.baldininkai.org/gamintojas/mk-baldai/","MK Baldai","","","Panevėžys","","","Klaipėda, Panevėžys, vakarų ir centrinė Lietuva","","","no_public_contact_route","Kiti baldai","https://rekvizitai.vz.lt/en/company/mk_baldai/ | https://get.data.gov.lt/datasets/gov/rc/jar/iregistruoti/JuridinisAsmuo","2026-08-04"
"dazymo-studija","https://www.baldininkai.org/gamintojas/dazymo-studija/","Dažymo studija","Dažymo studija, MB","307079747","Alytus","","","Vilnius, rytų ir pietų Lietuva","","+37068536956","public_phone","Kiti baldai","https://rekvizitai.vz.lt/en/company/dazymo_studija/ | https://get.data.gov.lt/datasets/gov/rc/jar/iregistruoti/JuridinisAsmuo/0aca7596-077d-46e0-abd1-d89a0275b755","2026-08-04"
"baldu-studija-besta","https://www.baldininkai.org/gamintojas/baldu-studija-besta/","Baldų studija Besta","Baldų studija Besta, UAB","306096035","Alytus","","","Vilnius, rytų ir pietų Lietuva","","+37062630867","public_phone","Kiti baldai","https://rekvizitai.vz.lt/en/company/baldu_studija_besta/ | https://get.data.gov.lt/datasets/gov/rc/jar/iregistruoti/JuridinisAsmuo/72cd2a2f-e733-436c-91d2-d767559a0318","2026-08-04"
"deccorus","https://www.baldininkai.org/gamintojas/deccorus/","Deccorus","Deccorus, UAB","302542853","Alytus","","","Vilnius, rytų ir pietų Lietuva","","+37031551384","public_phone","Kiti baldai","https://rekvizitai.vz.lt/en/company/deccorus/ | https://get.data.gov.lt/datasets/gov/rc/jar/iregistruoti/JuridinisAsmuo/89155c6d-9656-4297-91ce-2e99770a2d2b","2026-08-04"
"egerta","https://www.baldininkai.org/gamintojas/egerta/","Egerta","Egerta, MB","305356398","Alytus","","","Vilnius, rytų ir pietų Lietuva","","+37068832216","public_phone","Kiti baldai","https://rekvizitai.vz.lt/en/company/egerta/ | https://get.data.gov.lt/datasets/gov/rc/jar/iregistruoti/JuridinisAsmuo/55114a85-bd74-46e4-bdf6-237367620938","2026-08-04"
"inoxi","https://www.baldininkai.org/gamintojas/inoxi/","Inoxi","Inoxi, UAB","","Alytus","","","Vilnius, rytų ir pietų Lietuva","","","no_public_contact_route","Kiti baldai","https://rekvizitai.vz.lt/en/company/inoxi/ | https://get.data.gov.lt/datasets/gov/rc/jar/iregistruoti/JuridinisAsmuo","2026-08-04"
"kampu","https://www.baldininkai.org/gamintojas/kampu/","Kampu","Kampu, MB","305908188","Alytus","","","Vilnius, rytų ir pietų Lietuva","","","no_public_contact_route","Kiti baldai","https://rekvizitai.vz.lt/en/company/kampu/ | https://get.data.gov.lt/datasets/gov/rc/jar/iregistruoti/JuridinisAsmuo/87b321f9-36bf-4b16-a813-d2191b3ed60d","2026-08-04"
"sanitarina","https://www.baldininkai.org/gamintojas/sanitarina/","Sanitarina","Sanitarina, MB","306265161","Alytus","","","Vilnius, rytų ir pietų Lietuva","","","no_public_contact_route","Kiti baldai","https://rekvizitai.vz.lt/en/company/sanitarina/ | https://get.data.gov.lt/datasets/gov/rc/jar/iregistruoti/JuridinisAsmuo/a55a9a04-8adb-485a-b16b-2e3352e3565b","2026-08-04"
"baldociai","https://www.baldininkai.org/gamintojas/baldociai/","Baldočiai","Baldočiai, UAB","304137444","Alytus","","","Vilnius, rytų ir pietų Lietuva","","+37060158322","public_phone","Kiti baldai","https://rekvizitai.vz.lt/en/company/baldociai/ | https://get.data.gov.lt/datasets/gov/rc/jar/iregistruoti/JuridinisAsmuo/a81aae96-b721-4d9d-9a7a-b8470b0959d8","2026-08-04"
"furneta","https://www.baldininkai.org/gamintojas/furneta/","Furneta","Furneta, UAB","304422048","Alytus","","","Vilnius, rytų ir pietų Lietuva","","+37061134883","public_phone","Kiti baldai","https://rekvizitai.vz.lt/en/company/furneta/ | https://get.data.gov.lt/datasets/gov/rc/jar/iregistruoti/JuridinisAsmuo/a2a3759b-8d69-497d-8d1e-ebcc294efdc0","2026-08-04"
"baldturas-a-laseviciaus-ivv","https://www.baldininkai.org/gamintojas/baldturas-a-laseviciaus-ivv/","Baldturas, A. Lasevičiaus IVV","","","Alytus","","","Vilnius, rytų ir pietų Lietuva","","","no_public_contact_route","Kiti baldai","https://rekvizitai.vz.lt/en/company/baldturas_a_laseviciaus_ivv/ | https://get.data.gov.lt/datasets/gov/rc/jar/iregistruoti/JuridinisAsmuo","2026-08-04"
"pasmeta-lt","https://www.baldininkai.org/gamintojas/pasmeta-lt/","Pasmeta LT","Pasmeta LT, MB","305961874","Alytus","","","Vilnius, rytų ir pietų Lietuva","","+37064514008","public_phone","Kiti baldai","https://rekvizitai.vz.lt/en/company/pasmeta_lt/ | https://get.data.gov.lt/datasets/gov/lsd/cl/ja_asmenys/JuridinisAsmuo/02ede07d-8a49-48b9-b191-e2d484a2246e | https://get.data.gov.lt/datasets/gov/rc/ar/adresai/Adresas/b8e47b06-b944-42db-a339-31a650ff697b | https://get.data.gov.lt/datasets/gov/rc/ar/gyvenamojivietove/GyvenamojiVietove/43fd6298-aa13-4083-b8a2-6b801fd393a1 | https://get.data.gov.lt/datasets/gov/rc/jar/iregistruoti/JuridinisAsmuo","2026-08-04"
"baldukas","https://www.baldininkai.org/gamintojas/baldukas/","Baldukas","Baldukas, MB","306069344","Alytus","","","Vilnius, rytų ir pietų Lietuva","","","no_public_contact_route","Kiti baldai","https://rekvizitai.vz.lt/en/company/baldukas/ | https://get.data.gov.lt/datasets/gov/rc/jar/iregistruoti/JuridinisAsmuo/2a5f677e-62ec-4c34-bae9-9a2a52002be9","2026-08-04"
"ratuoti-sapnai","https://www.baldininkai.org/gamintojas/ratuoti-sapnai/","Ratuoti sapnai","Ratuoti sapnai, MB","307003404","Alytus","","","Vilnius, rytų ir pietų Lietuva","","","no_public_contact_route","Kiti baldai","https://rekvizitai.vz.lt/en/company/ratuoti_sapnai/ | https://get.data.gov.lt/datasets/gov/rc/jar/iregistruoti/JuridinisAsmuo/d439ce06-0e4e-4aea-ad72-b1eaf37997c4","2026-08-04"
"nestandart","https://www.baldininkai.org/gamintojas/nestandart/","Nestandart","Nestandart, MB","307132057","Alytus","","","Vilnius, rytų ir pietų Lietuva","","+37062166563","public_phone","Kiti baldai","https://rekvizitai.vz.lt/en/company/nestandart/ | https://get.data.gov.lt/datasets/gov/rc/jar/iregistruoti/JuridinisAsmuo/d02117b5-e8bd-4eb7-a25d-54746d817849","2026-08-04"
"g-baldai","https://www.baldininkai.org/gamintojas/g-baldai/","G baldai","G baldai, MB","307397002","Alytus","","","Vilnius, rytų ir pietų Lietuva","","+37061149929","public_phone","Kiti baldai","https://rekvizitai.vz.lt/en/company/g_baldai/ | https://get.data.gov.lt/datasets/gov/rc/jar/iregistruoti/JuridinisAsmuo/a16c9f98-0de9-490a-bbaa-30eb9a36b2a5","2026-08-04"
"mr-design","https://www.baldininkai.org/gamintojas/mr-design/","Mr design","Mr design, MB","307569498","Alytus","","","Vilnius, rytų ir pietų Lietuva","","+37068087004","public_phone","Kiti baldai","https://rekvizitai.vz.lt/en/company/mr_design/ | https://get.data.gov.lt/datasets/gov/rc/jar/iregistruoti/JuridinisAsmuo","2026-08-04"
"arpolis","https://www.baldininkai.org/gamintojas/arpolis/","Arpolis","Arpolis, UAB","300614040","Alytus","","","Vilnius, rytų ir pietų Lietuva","","","no_public_contact_route","Kiti baldai","https://rekvizitai.vz.lt/en/company/arpolis/ | https://get.data.gov.lt/datasets/gov/rc/jar/iregistruoti/JuridinisAsmuo/fc31eb0b-30ac-4407-9fdb-cde1288cd3e1","2026-08-04"
"suduvos-baldai-morita","https://www.baldininkai.org/gamintojas/suduvos-baldai-morita/","Sūduvos baldai Morita","Sūduvos baldai, UAB Morita","","Marijampolė","","","Vilnius, rytų ir pietų Lietuva","","","no_public_contact_route","Kiti baldai","https://rekvizitai.vz.lt/en/company/suduvos_baldai_morita/ | https://get.data.gov.lt/datasets/gov/rc/jar/iregistruoti/JuridinisAsmuo","2026-08-04"
"medbalda","https://www.baldininkai.org/gamintojas/medbalda/","Medbalda","Medbalda, MB","304442524","Marijampolė","","","Vilnius, rytų ir pietų Lietuva","","+37061836239","public_phone","Kiti baldai","https://rekvizitai.vz.lt/en/company/medbalda/ | https://get.data.gov.lt/datasets/gov/rc/jar/iregistruoti/JuridinisAsmuo/b10f0487-37ee-454b-9d27-662d84485fd3","2026-08-04"
"mood-furniture","https://www.baldininkai.org/gamintojas/mood-furniture/","Mood Furniture","Mood Furniture, UAB","300108178","Marijampolė","","","Vilnius, rytų ir pietų Lietuva","","","no_public_contact_route","Kiti baldai","https://rekvizitai.vz.lt/en/company/mood_furniture/ | https://get.data.gov.lt/datasets/gov/rc/jar/iregistruoti/JuridinisAsmuo/69b41ff8-29bb-465e-9f38-138ca4e8b2fb","2026-08-04"
"a-z-statyba","https://www.baldininkai.org/gamintojas/a-z-statyba/","A-Z Statyba","A-Z Statyba, UAB","","Marijampolė","","","Vilnius, rytų ir pietų Lietuva","","","no_public_contact_route","Kiti baldai","https://rekvizitai.vz.lt/en/company/a_z_statyba/ | https://get.data.gov.lt/datasets/gov/rc/jar/iregistruoti/JuridinisAsmuo","2026-08-04"
"krivijas","https://www.baldininkai.org/gamintojas/krivijas/","Krivijas","Krivijas, UAB","151262991","Marijampolė","","","Vilnius, rytų ir pietų Lietuva","","","no_public_contact_route","Kiti baldai","https://rekvizitai.vz.lt/en/company/krivijas/ | https://get.data.gov.lt/datasets/gov/rc/jar/iregistruoti/JuridinisAsmuo/de56f622-ce87-4d2a-ac19-f137146802ad","2026-08-04"
"balduma-k-grigaitienes-firma","https://www.baldininkai.org/gamintojas/balduma-k-grigaitienes-firma/","Balduma, K. Grigaitienės firma","","","Marijampolė","","","Vilnius, rytų ir pietų Lietuva","","","no_public_contact_route","Kiti baldai","https://rekvizitai.vz.lt/en/company/balduma_k_grigaitienes_firma/ | https://get.data.gov.lt/datasets/gov/rc/jar/iregistruoti/JuridinisAsmuo","2026-08-04"
"dzukijos-baldu-fabrikas","https://www.baldininkai.org/gamintojas/dzukijos-baldu-fabrikas/","Dzūkijos baldų fabrikas","","","Marijampolė","","","Vilnius, rytų ir pietų Lietuva","","","no_public_contact_route","Kiti baldai","https://rekvizitai.vz.lt/en/company/dzukijos_baldu_fabrikas/ | https://get.data.gov.lt/datasets/gov/rc/jar/iregistruoti/JuridinisAsmuo","2026-08-04"
"baltfur","https://www.baldininkai.org/gamintojas/baltfur/","Baltfur","Baltfur, UAB","","Marijampolė","","","Vilnius, rytų ir pietų Lietuva","","","no_public_contact_route","Kiti baldai","https://rekvizitai.vz.lt/en/company/baltfur/ | https://get.data.gov.lt/datasets/gov/rc/jar/iregistruoti/JuridinisAsmuo","2026-08-04"
"tipo-baldai","https://www.baldininkai.org/gamintojas/tipo-baldai/","Tipo baldai","Tipo baldai, MB","306303263","Utena","","","Vilnius, rytų ir pietų Lietuva","","+37064782828","public_phone","Kiti baldai","https://rekvizitai.vz.lt/en/company/tipo_baldai/ | https://get.data.gov.lt/datasets/gov/rc/jar/iregistruoti/JuridinisAsmuo/5438fe24-568a-49c1-8c3e-2d33be0fff33","2026-08-04"
"furnistetika","https://www.baldininkai.org/gamintojas/furnistetika/","Furnistetika","Furnistetika, MB","306308755","Utena","","","Vilnius, rytų ir pietų Lietuva","","","no_public_contact_route","Kiti baldai","https://rekvizitai.vz.lt/en/company/furnistetika/ | https://get.data.gov.lt/datasets/gov/rc/jar/iregistruoti/JuridinisAsmuo/073d3670-6262-4481-80c2-054a093b9cc0","2026-08-04"
"kamadotbl","https://www.baldininkai.org/gamintojas/kamadotbl/","Kamadotbl","Kamadotbl, MB","307537931","Utena","","","Vilnius, rytų ir pietų Lietuva","","+37062215761","public_phone","Kiti baldai","https://rekvizitai.vz.lt/en/company/kamadotbl/ | https://get.data.gov.lt/datasets/gov/rc/jar/iregistruoti/JuridinisAsmuo","2026-08-04"
"r-meistrai","https://www.baldininkai.org/gamintojas/r-meistrai/","R meistrai","R meistrai, MB","305665875","Utena","","","Vilnius, rytų ir pietų Lietuva","","+37060140030","public_phone","Kiti baldai","https://rekvizitai.vz.lt/en/company/r_meistrai/ | https://get.data.gov.lt/datasets/gov/rc/jar/iregistruoti/JuridinisAsmuo/00dce3e3-f2b7-4179-b480-43c73c394a08","2026-08-04"
"baldu-sprendimai","https://www.baldininkai.org/gamintojas/baldu-sprendimai/","Baldų sprendimai","Baldų sprendimai, MB","306629348","Utena","","","Vilnius, rytų ir pietų Lietuva","","+37062867701","public_phone","Kiti baldai","https://rekvizitai.vz.lt/en/company/baldu_sprendimai/ | https://get.data.gov.lt/datasets/gov/rc/jar/iregistruoti/JuridinisAsmuo/9d0a5e66-19a6-454c-ae41-bfe97d112d38","2026-08-04"
"kokybisku-baldu-dirbtuves","https://www.baldininkai.org/gamintojas/kokybisku-baldu-dirbtuves/","Kokybiškų baldų dirbtuvės","Kokybiškų baldų dirbtuvės, MB","306650926","Utena","","","Vilnius, rytų ir pietų Lietuva","","+37061519379","public_phone","Kiti baldai","https://rekvizitai.vz.lt/en/company/kokybisku_baldu_dirbtuves/ | https://get.data.gov.lt/datasets/gov/rc/jar/iregistruoti/JuridinisAsmuo/9fa25856-4794-4683-92d3-d91b53d85581","2026-08-04"
"medynmetis","https://www.baldininkai.org/gamintojas/medynmetis/","Medynmetis","Medynmetis, MB","306730856","Utena","","","Vilnius, rytų ir pietų Lietuva","","+37061630841","public_phone","Kiti baldai","https://rekvizitai.vz.lt/en/company/medynmetis/ | https://get.data.gov.lt/datasets/gov/rc/jar/iregistruoti/JuridinisAsmuo/c1a37843-c2d5-4eda-8ff6-a24479929855","2026-08-04"
"dalduva-ii","https://www.baldininkai.org/gamintojas/dalduva-ii/","Dalduva, IĮ","","","Utena","","","Vilnius, rytų ir pietų Lietuva","","","no_public_contact_route","Kiti baldai","https://rekvizitai.vz.lt/en/company/dalduva_ii/ | https://get.data.gov.lt/datasets/gov/rc/jar/iregistruoti/JuridinisAsmuo","2026-08-04"
"roberto-laiptai","https://www.baldininkai.org/gamintojas/roberto-laiptai/","Roberto laiptai","Roberto laiptai, UAB","","Utena","","","Vilnius, rytų ir pietų Lietuva","","","no_public_contact_route","Kiti baldai","https://rekvizitai.vz.lt/en/company/roberto_laiptai/ | https://get.data.gov.lt/datasets/gov/rc/jar/iregistruoti/JuridinisAsmuo","2026-08-04"
"gieva-s-trapikienes-firma","https://www.baldininkai.org/gamintojas/gieva-s-trapikienes-firma/","Gieva, S. Trapikienės firma","","","Utena","","","Vilnius, rytų ir pietų Lietuva","","","no_public_contact_route","Kiti baldai","https://rekvizitai.vz.lt/en/company/gieva_s_trapikienes_firma/ | https://get.data.gov.lt/datasets/gov/rc/jar/iregistruoti/JuridinisAsmuo","2026-08-04"
"egidijaus-baldai","https://www.baldininkai.org/gamintojas/egidijaus-baldai/","Egidijaus baldai","Egidijaus baldai, MB","","Utena","","","Vilnius, rytų ir pietų Lietuva","","","no_public_contact_route","Kiti baldai","https://rekvizitai.vz.lt/en/company/egidijaus_baldai/ | https://get.data.gov.lt/datasets/gov/rc/jar/iregistruoti/JuridinisAsmuo","2026-08-04"
"rokiskio-baldai","https://www.baldininkai.org/gamintojas/rokiskio-baldai/","Rokiškio baldai","Rokiškio baldai, MB","","Utena","","","Vilnius, rytų ir pietų Lietuva","","","no_public_contact_route","Kiti baldai","https://rekvizitai.vz.lt/en/company/rokiskio_baldai/ | https://get.data.gov.lt/datasets/gov/rc/jar/iregistruoti/JuridinisAsmuo","2026-08-04"
"drilius","https://www.baldininkai.org/gamintojas/drilius/","Drilius","Drilius, MB","","Utena","","","Vilnius, rytų ir pietų Lietuva","","","no_public_contact_route","Kiti baldai","https://rekvizitai.vz.lt/en/company/drilius/ | https://get.data.gov.lt/datasets/gov/rc/jar/iregistruoti/JuridinisAsmuo","2026-08-04"
"mariaus-baldu-studija","https://www.baldininkai.org/gamintojas/mariaus-baldu-studija/","Mariaus baldų studija","Mariaus baldų studija, MB","","Utena","","","Vilnius, rytų ir pietų Lietuva","","","no_public_contact_route","Kiti baldai","https://rekvizitai.vz.lt/en/company/mariaus_baldu_studija/ | https://get.data.gov.lt/datasets/gov/rc/jar/iregistruoti/JuridinisAsmuo","2026-08-04"
"pickwood-lt","https://www.baldininkai.org/gamintojas/pickwood-lt/","Pickwood LT","Pickwood LT, MB","","Utena","","","Vilnius, rytų ir pietų Lietuva","","","no_public_contact_route","Kiti baldai","https://rekvizitai.vz.lt/en/company/pickwood_lt/ | https://get.data.gov.lt/datasets/gov/rc/jar/iregistruoti/JuridinisAsmuo","2026-08-04"
"digio","https://www.baldininkai.org/gamintojas/digio/","Digio","Digio, MB","306162439","Kėdainiai","","","Klaipėda, Panevėžys, vakarų ir centrinė Lietuva","","","no_public_contact_route","Kiti baldai","https://rekvizitai.vz.lt/en/company/digio/ | https://get.data.gov.lt/datasets/gov/rc/jar/iregistruoti/JuridinisAsmuo/3a7f3bb3-62bf-43f4-97b9-67c09feaaa0f","2026-08-04"
"m-pralgausko-imone","https://www.baldininkai.org/gamintojas/m-pralgausko-imone/","M. Pralgausko įmonė","","161637614","Kėdainiai","","","Klaipėda, Panevėžys, vakarų ir centrinė Lietuva","","+37034756278","public_phone","Kiti baldai","https://rekvizitai.vz.lt/en/company/m_pralgausko_imone/ | https://get.data.gov.lt/datasets/gov/rc/jar/iregistruoti/JuridinisAsmuo","2026-08-04"
"tomadeco","https://www.baldininkai.org/gamintojas/tomadeco/","Tomadeco","Tomadeco, MB","305724455","Kėdainiai","","","Klaipėda, Panevėžys, vakarų ir centrinė Lietuva","","+37068581623","public_phone","Kiti baldai","https://rekvizitai.vz.lt/en/company/tomadeco/ | https://get.data.gov.lt/datasets/gov/rc/jar/iregistruoti/JuridinisAsmuo/3104f79f-8dbd-4754-ac89-6a38fa92c07b","2026-08-04"
"darau-2","https://www.baldininkai.org/gamintojas/darau-2/","Darau 2","Darau 2, MB","305876580","Kėdainiai","","","Klaipėda, Panevėžys, vakarų ir centrinė Lietuva","","+37060867215","public_phone","Kiti baldai","https://rekvizitai.vz.lt/en/company/darau_2/ | https://get.data.gov.lt/datasets/gov/rc/jar/iregistruoti/JuridinisAsmuo/8f632100-87b4-41be-94c4-81633d2f2e83","2026-08-04"
"luxury-furniture","https://www.baldininkai.org/gamintojas/luxury-furniture/","Luxury furniture","Luxury furniture, UAB","306021189","Kėdainiai","","","Klaipėda, Panevėžys, vakarų ir centrinė Lietuva","","+37060097642","public_phone","Kiti baldai","https://rekvizitai.vz.lt/en/company/luxury_furniture/ | https://get.data.gov.lt/datasets/gov/rc/jar/iregistruoti/JuridinisAsmuo/220cc71a-ca5a-49ff-be5d-4b0bc887041b","2026-08-04"
"baldmaris-nestandartiniu-baldu-gamyba","https://www.baldininkai.org/gamintojas/baldmaris-nestandartiniu-baldu-gamyba/","Baldmaris - nestandartinių baldų gamyba","","","Tauragė","","","Kaunas ir šiaurės Lietuva","","","no_public_contact_route","Kiti baldai","https://rekvizitai.vz.lt/en/company/baldmaris_nestandartiniu_baldu_gamyba/ | https://get.data.gov.lt/datasets/gov/rc/jar/iregistruoti/JuridinisAsmuo","2026-08-04"
"baldu-cechas","https://www.baldininkai.org/gamintojas/baldu-cechas/","Baldų cechas","Baldų cechas, MB","306263705","Tauragė","","","Kaunas ir šiaurės Lietuva","","+37065552468","public_phone","Kiti baldai","https://rekvizitai.vz.lt/en/company/baldu_cechas/ | https://get.data.gov.lt/datasets/gov/rc/jar/iregistruoti/JuridinisAsmuo/e6dea04f-3780-4b1f-b95a-34b3f825a046","2026-08-04"
"tailida","https://www.baldininkai.org/gamintojas/tailida/","Tailida","Tailida, MB","307169696","Tauragė","","","Kaunas ir šiaurės Lietuva","","+37068137136","public_phone","Kiti baldai","https://rekvizitai.vz.lt/en/company/tailida/ | https://get.data.gov.lt/datasets/gov/rc/jar/iregistruoti/JuridinisAsmuo/5af91c47-48f9-4678-91e9-0520f6d67865","2026-08-04"
"silales-baldai","https://www.baldininkai.org/gamintojas/silales-baldai/","Šilalės baldai","","","Tauragė","","","Kaunas ir šiaurės Lietuva","","","no_public_contact_route","Kiti baldai","https://rekvizitai.vz.lt/en/company/silales_baldai/ | https://get.data.gov.lt/datasets/gov/rc/jar/iregistruoti/JuridinisAsmuo","2026-08-04"
"ziliukai","https://www.baldininkai.org/gamintojas/ziliukai/","Žiliukai","Žiliukai, UAB","","Tauragė","","","Kaunas ir šiaurės Lietuva","","","no_public_contact_route","Kiti baldai","https://rekvizitai.vz.lt/en/company/ziliukai/ | https://get.data.gov.lt/datasets/gov/rc/jar/iregistruoti/JuridinisAsmuo","2026-08-04"
"vilgma","https://www.baldininkai.org/gamintojas/vilgma/","Vilgma","Vilgma, MB","","Tauragė","","","Kaunas ir šiaurės Lietuva","","","no_public_contact_route","Kiti baldai","https://rekvizitai.vz.lt/en/company/vilgma/ | https://get.data.gov.lt/datasets/gov/rc/jar/iregistruoti/JuridinisAsmuo","2026-08-04"
"mdaspect","https://www.baldininkai.org/gamintojas/mdaspect/","MDAspect","MDAspect, UAB","","Tauragė","","","Kaunas ir šiaurės Lietuva","","","no_public_contact_route","Kiti baldai","https://rekvizitai.vz.lt/en/company/mdaspect/ | https://get.data.gov.lt/datasets/gov/rc/jar/iregistruoti/JuridinisAsmuo","2026-08-04"
"urtbalda","https://www.baldininkai.org/gamintojas/urtbalda/","Urtbalda","Urtbalda, MB","","Tauragė","","","Kaunas ir šiaurės Lietuva","","","no_public_contact_route","Kiti baldai","https://rekvizitai.vz.lt/en/company/urtbalda/ | https://get.data.gov.lt/datasets/gov/rc/jar/iregistruoti/JuridinisAsmuo","2026-08-04"
"laterus","https://www.baldininkai.org/gamintojas/laterus/","Laterus","Laterus, UAB","182728266","Ukmergė","","","Vilnius, rytų ir pietų Lietuva","","","no_public_contact_route","Kiti baldai","https://rekvizitai.vz.lt/en/company/laterus/ | https://get.data.gov.lt/datasets/gov/rc/jar/iregistruoti/JuridinisAsmuo/86c1e5c2-4064-4651-94e0-210222bff959","2026-08-04"
"rebilda","https://www.baldininkai.org/gamintojas/rebilda/","Rebilda","Rebilda, UAB","302885752","Ukmergė","","","Vilnius, rytų ir pietų Lietuva","","","no_public_contact_route","Kiti baldai","https://rekvizitai.vz.lt/en/company/rebilda/ | https://get.data.gov.lt/datasets/gov/rc/jar/iregistruoti/JuridinisAsmuo/7424199c-8de0-46de-92a3-4bb800a73e96","2026-08-04"
"uzupio-baldai","https://www.baldininkai.org/gamintojas/uzupio-baldai/","Užupio baldai","Užupio baldai, MB","304607367","Ukmergė","","","Vilnius, rytų ir pietų Lietuva","","+37063010032","public_phone","Kiti baldai","https://rekvizitai.vz.lt/en/company/uzupio_baldai/ | https://get.data.gov.lt/datasets/gov/rc/jar/iregistruoti/JuridinisAsmuo/e5360652-d630-4ea0-be7c-ea60a49338d7","2026-08-04"
"sato-baldu-idejos","https://www.baldininkai.org/gamintojas/sato-baldu-idejos/","Sato baldų idėjos","Sato baldų idėjos, MB","306077348","Ukmergė","","","Vilnius, rytų ir pietų Lietuva","","+37067616253","public_phone","Kiti baldai","https://rekvizitai.vz.lt/en/company/sato_baldu_idejos/ | https://get.data.gov.lt/datasets/gov/rc/jar/iregistruoti/JuridinisAsmuo/94fc8dbf-97e9-4f81-9180-333ac68e2e01","2026-08-04"
"narbutas-edge","https://www.baldininkai.org/gamintojas/narbutas-edge/","Narbutas Edge","Narbutas Edge, UAB","307021466","Ukmergė","","","Vilnius, rytų ir pietų Lietuva","","+37069930061","public_phone","Kiti baldai","https://rekvizitai.vz.lt/en/company/narbutas_edge/ | https://get.data.gov.lt/datasets/gov/rc/jar/iregistruoti/JuridinisAsmuo/21ba09b4-8d5d-4096-a4b6-b935f25493ed","2026-08-04"
"gdm-creative","https://www.baldininkai.org/gamintojas/gdm-creative/","Gdm creative","Gdm creative, MB","307544445","Ukmergė","","","Vilnius, rytų ir pietų Lietuva","","+37062062602","public_phone","Kiti baldai","https://rekvizitai.vz.lt/en/company/gdm_creative/ | https://get.data.gov.lt/datasets/gov/rc/jar/iregistruoti/JuridinisAsmuo","2026-08-04"
"albero-baldai","https://www.baldininkai.org/gamintojas/albero-baldai/","Albero baldai","Albero baldai, MB","305439851","Jonava","","","Kaunas ir šiaurės Lietuva","","+37067970084","public_phone","Kiti baldai","https://rekvizitai.vz.lt/en/company/albero_baldai/ | https://get.data.gov.lt/datasets/gov/rc/jar/iregistruoti/JuridinisAsmuo/daaf1bef-2a15-4b38-b724-b8c0c57bc256","2026-08-04"
"raimeta","https://www.baldininkai.org/gamintojas/raimeta/","Raimeta","Raimeta, MB","305633571","Jonava","","","Kaunas ir šiaurės Lietuva","","","no_public_contact_route","Kiti baldai","https://rekvizitai.vz.lt/en/company/raimeta/ | https://get.data.gov.lt/datasets/gov/rc/jar/iregistruoti/JuridinisAsmuo/bc78b9ce-a556-415b-872d-292a097f26b7","2026-08-04"
"mingridas","https://www.baldininkai.org/gamintojas/mingridas/","Mingridas","Mingridas, UAB","","Jonava","","","Kaunas ir šiaurės Lietuva","","","no_public_contact_route","Kiti baldai","https://rekvizitai.vz.lt/en/company/mingridas/ | https://get.data.gov.lt/datasets/gov/rc/jar/iregistruoti/JuridinisAsmuo","2026-08-04"
"balda","https://www.baldininkai.org/gamintojas/balda/","Balda","Balda, UAB","304473249","Jonava","","","Kaunas ir šiaurės Lietuva","","","no_public_contact_route","Kiti baldai","https://rekvizitai.vz.lt/en/company/balda/ | https://get.data.gov.lt/datasets/gov/rc/jar/iregistruoti/JuridinisAsmuo/9410d1ef-23d7-40d2-9690-537ef1067e36","2026-08-04"
"balajano-slenio-baldai","https://www.baldininkai.org/gamintojas/balajano-slenio-baldai/","Balajano slėnio baldai","Balajano slėnio baldai, MB","307164852","Raseiniai","","","Kaunas ir šiaurės Lietuva","","+37067042514","public_phone","Kiti baldai","https://rekvizitai.vz.lt/en/company/balajano_slenio_baldai/ | https://get.data.gov.lt/datasets/gov/rc/jar/iregistruoti/JuridinisAsmuo/b3a583e2-863c-46c8-86b6-56b8fc358f29","2026-08-04"
"vanago-miskas","https://www.baldininkai.org/gamintojas/vanago-miskas/","Vanago miškas","Vanago miškas, MB","","Raseiniai","","","Kaunas ir šiaurės Lietuva","","","no_public_contact_route","Kiti baldai","https://rekvizitai.vz.lt/en/company/vanago_miskas/ | https://get.data.gov.lt/datasets/gov/rc/jar/iregistruoti/JuridinisAsmuo","2026-08-04"
"medgamas","https://www.baldininkai.org/gamintojas/medgamas/","Medgamas","Medgamas, MB","","Raseiniai","","","Kaunas ir šiaurės Lietuva","","","no_public_contact_route","Kiti baldai","https://rekvizitai.vz.lt/en/company/medgamas/ | https://get.data.gov.lt/datasets/gov/rc/jar/iregistruoti/JuridinisAsmuo","2026-08-04"
"inscoco","https://www.baldininkai.org/gamintojas/inscoco/","Inscoco","Inscoco, UAB","","Raseiniai","","","Kaunas ir šiaurės Lietuva","","","no_public_contact_route","Kiti baldai","https://rekvizitai.vz.lt/en/company/inscoco/ | https://get.data.gov.lt/datasets/gov/rc/jar/iregistruoti/JuridinisAsmuo","2026-08-04"
"ravera","https://www.baldininkai.org/gamintojas/ravera/","Ravera","Ravera, MB","","Raseiniai","","","Kaunas ir šiaurės Lietuva","","","no_public_contact_route","Kiti baldai","https://rekvizitai.vz.lt/en/company/ravera/ | https://get.data.gov.lt/datasets/gov/rc/jar/iregistruoti/JuridinisAsmuo","2026-08-04"
"uzuolas","https://www.baldininkai.org/gamintojas/uzuolas/","Ūžuolas","Ūžuolas, MB","","Raseiniai","","","Kaunas ir šiaurės Lietuva","","","no_public_contact_route","Kiti baldai","https://rekvizitai.vz.lt/en/company/uzuolas/ | https://get.data.gov.lt/datasets/gov/rc/jar/iregistruoti/JuridinisAsmuo","2026-08-04"
"vavap","https://www.baldininkai.org/gamintojas/vavap/","Vavap","Vavap, MB","","Raseiniai","","","Kaunas ir šiaurės Lietuva","","","no_public_contact_route","Kiti baldai","https://rekvizitai.vz.lt/en/company/vavap/ | https://get.data.gov.lt/datasets/gov/rc/jar/iregistruoti/JuridinisAsmuo","2026-08-04"
"metalo-kalve","https://www.baldininkai.org/gamintojas/metalo-kalve/","Metalo kalvė","","","Telšiai","","","Kaunas ir šiaurės Lietuva","","","no_public_contact_route","Kiti baldai","https://rekvizitai.vz.lt/en/company/metalo_kalve/ | https://get.data.gov.lt/datasets/gov/rc/jar/iregistruoti/JuridinisAsmuo","2026-08-04"
"k-viktoraviciaus-ivv","https://www.baldininkai.org/gamintojas/k-viktoraviciaus-ivv/","K. Viktoravičiaus IVV","","","Telšiai","","","Kaunas ir šiaurės Lietuva","","","no_public_contact_route","Kiti baldai","https://rekvizitai.vz.lt/en/company/k_viktoraviciaus_ivv/ | https://get.data.gov.lt/datasets/gov/rc/jar/iregistruoti/JuridinisAsmuo","2026-08-04"
"zt-furni","https://www.baldininkai.org/gamintojas/zt-furni/","ŽT furni","ŽT furni, MB","305701321","Telšiai","","","Kaunas ir šiaurės Lietuva","","+37067823088","public_phone","Kiti baldai","https://rekvizitai.vz.lt/en/company/zt_furni/ | https://get.data.gov.lt/datasets/gov/rc/jar/iregistruoti/JuridinisAsmuo/928d7b61-cc79-458b-a067-fa9e50c00677","2026-08-04"
"sandriaus-baldai","https://www.baldininkai.org/gamintojas/sandriaus-baldai/","Sandriaus baldai","Sandriaus baldai, UAB","306673992","Telšiai","","","Kaunas ir šiaurės Lietuva","","+37061688549","public_phone","Kiti baldai","https://rekvizitai.vz.lt/en/company/sandriaus_baldai/ | https://get.data.gov.lt/datasets/gov/rc/jar/iregistruoti/JuridinisAsmuo/c999d75b-25ec-4f22-85fa-8da408d49ac9","2026-08-04"
"augriva","https://www.baldininkai.org/gamintojas/augriva/","Augriva","Augriva, UAB","","Telšiai","","","Kaunas ir šiaurės Lietuva","","","no_public_contact_route","Kiti baldai","https://rekvizitai.vz.lt/en/company/augriva/ | https://get.data.gov.lt/datasets/gov/rc/jar/iregistruoti/JuridinisAsmuo","2026-08-04"
"medideja","https://www.baldininkai.org/gamintojas/medideja/","Medidėja","Medidėja, UAB","","Telšiai","","","Kaunas ir šiaurės Lietuva","","","no_public_contact_route","Kiti baldai","https://rekvizitai.vz.lt/en/company/medideja/ | https://get.data.gov.lt/datasets/gov/rc/jar/iregistruoti/JuridinisAsmuo","2026-08-04"
"dazoma","https://www.baldininkai.org/gamintojas/dazoma/","Dažoma","Dažoma, UAB","","Telšiai","","","Kaunas ir šiaurės Lietuva","","","no_public_contact_route","Kiti baldai","https://rekvizitai.vz.lt/en/company/dazoma/ | https://get.data.gov.lt/datasets/gov/rc/jar/iregistruoti/JuridinisAsmuo","2026-08-04"
"ajala","https://www.baldininkai.org/gamintojas/ajala/","Ajala","Ajala, UAB","","Telšiai","","","Kaunas ir šiaurės Lietuva","","","no_public_contact_route","Kiti baldai","https://rekvizitai.vz.lt/en/company/ajala/ | https://get.data.gov.lt/datasets/gov/rc/jar/iregistruoti/JuridinisAsmuo","2026-08-04"
"ryno","https://www.baldininkai.org/gamintojas/ryno/","Ryno","Ryno, UAB","","Telšiai","","","Kaunas ir šiaurės Lietuva","","","no_public_contact_route","Kiti baldai","https://rekvizitai.vz.lt/en/company/ryno/ | https://get.data.gov.lt/datasets/gov/rc/jar/iregistruoti/JuridinisAsmuo","2026-08-04"
"doko-sofa","https://www.baldininkai.org/gamintojas/doko-sofa/","Doko sofa","Doko sofa, MB","","Telšiai","","","Kaunas ir šiaurės Lietuva","","","no_public_contact_route","Kiti baldai","https://rekvizitai.vz.lt/en/company/doko_sofa/ | https://get.data.gov.lt/datasets/gov/rc/jar/iregistruoti/JuridinisAsmuo","2026-08-04"
"balduzis","https://www.baldininkai.org/gamintojas/balduzis/","Baldužis","Baldužis, UAB","","Telšiai","","","Kaunas ir šiaurės Lietuva","","","no_public_contact_route","Kiti baldai","https://rekvizitai.vz.lt/en/company/balduzis/ | https://get.data.gov.lt/datasets/gov/rc/jar/iregistruoti/JuridinisAsmuo","2026-08-04"
"kazbaro-baldai","https://www.baldininkai.org/gamintojas/kazbaro-baldai/","Kazbaro baldai","Kazbaro baldai, MB","","Telšiai","","","Kaunas ir šiaurės Lietuva","","","no_public_contact_route","Kiti baldai","https://rekvizitai.vz.lt/en/company/kazbaro_baldai/ | https://get.data.gov.lt/datasets/gov/rc/jar/iregistruoti/JuridinisAsmuo","2026-08-04"
"kneita","https://www.baldininkai.org/gamintojas/kneita/","Kneita","Kneita, MB","","Telšiai","","","Kaunas ir šiaurės Lietuva","","","no_public_contact_route","Kiti baldai","https://rekvizitai.vz.lt/en/company/kneita/ | https://get.data.gov.lt/datasets/gov/rc/jar/iregistruoti/JuridinisAsmuo","2026-08-04"
"benfok","https://www.baldininkai.org/gamintojas/benfok/","Benfok","Benfok, MB","","Telšiai","","","Kaunas ir šiaurės Lietuva","","","no_public_contact_route","Kiti baldai","https://rekvizitai.vz.lt/en/company/benfok/ | https://get.data.gov.lt/datasets/gov/rc/jar/iregistruoti/JuridinisAsmuo","2026-08-04"
"velmera","https://www.baldininkai.org/gamintojas/velmera/","Velmera","Velmera, MB","","Telšiai","","","Kaunas ir šiaurės Lietuva","","","no_public_contact_route","Kiti baldai","https://rekvizitai.vz.lt/en/company/velmera/ | https://get.data.gov.lt/datasets/gov/rc/jar/iregistruoti/JuridinisAsmuo","2026-08-04"
"plunges-baldai","https://www.baldininkai.org/gamintojas/plunges-baldai/","Plungės baldai","Plungės baldai, UAB","","Telšiai","","","Kaunas ir šiaurės Lietuva","","","no_public_contact_route","Kiti baldai","https://rekvizitai.vz.lt/en/company/plunges_baldai/ | https://get.data.gov.lt/datasets/gov/rc/jar/iregistruoti/JuridinisAsmuo","2026-08-04"
"ii-arominda-300646141","https://www.baldininkai.org/gamintojas/ii-arominda-300646141/","IĮ ""Arominda""","IĮ ""Arominda""","300646141","Kazlų Rūda","S. Daukanto g. 19","LT-69430","Vilnius, rytų ir pietų Lietuva","","+37060184566","public_phone","Kiti nestandartiniai baldai","https://get.data.gov.lt/datasets/gov/lsd/cl/ja_asmenys/JuridinisAsmuo/0008cdfd-d324-4d83-b00b-90115a1383fa | https://get.data.gov.lt/datasets/gov/rc/ar/gyvenamojivietove/GyvenamojiVietove/02c47f40-8032-4661-a73d-153552dbcb58 | https://rekvizitai.vz.lt/en/company/ii_arominda/","2026-08-04"
"uab-evprojektas-304885612","https://www.baldininkai.org/gamintojas/uab-evprojektas-304885612/","UAB ""Evprojektas""","UAB ""Evprojektas""","304885612","Vilnius","Lenktoji g. 32","LT-08124","Vilnius, rytų ir pietų Lietuva","","+37065645270","public_phone","Kiti nestandartiniai baldai","https://get.data.gov.lt/datasets/gov/lsd/cl/ja_asmenys/JuridinisAsmuo/00cfb476-f57c-4d04-997e-4076b9d66ada | https://get.data.gov.lt/datasets/gov/rc/ar/gyvenamojivietove/GyvenamojiVietove/2646f0bc-39a9-4770-88bd-0a53b1c9b9bf | https://rekvizitai.vz.lt/en/company/evprojektas/","2026-08-04"
"uab-julsata-125751995","https://www.baldininkai.org/gamintojas/uab-julsata-125751995/","UAB ""JULSATA""","UAB ""JULSATA""","125751995","Vilnius","Perkūnkiemio g. 13","LT-12114","Vilnius, rytų ir pietų Lietuva","","+37065656336","public_phone","Kiti nestandartiniai baldai","https://get.data.gov.lt/datasets/gov/lsd/cl/ja_asmenys/JuridinisAsmuo/00dce2de-6ce3-408a-ba74-2f2f57a86d53 | https://get.data.gov.lt/datasets/gov/rc/ar/gyvenamojivietove/GyvenamojiVietove/2646f0bc-39a9-4770-88bd-0a53b1c9b9bf | https://rekvizitai.vz.lt/en/company/j_tamasausko_firma_julsata/","2026-08-04"
"uab-visagino-linija-300032531","https://www.baldininkai.org/gamintojas/uab-visagino-linija-300032531/","UAB ""Visagino linija""","UAB ""Visagino linija""","300032531","Lietuva","Pramonės g. 4","LT-31147","Visa Lietuva (miestas nenurodytas oficialiame šaltinyje)","","+37061899300","public_phone","Kiti nestandartiniai baldai","https://get.data.gov.lt/datasets/gov/lsd/cl/ja_asmenys/JuridinisAsmuo/00fec2f6-dcce-4a06-827e-aa52261719e2 | https://rekvizitai.vz.lt/en/company/visagino_linija/","2026-08-04"
"uab-aikstis-304887143","https://www.baldininkai.org/gamintojas/uab-aikstis-304887143/","UAB ""Aikštis""","UAB ""Aikštis""","304887143","Vilnius","Šaltkalvių g. 34","LT-02172","Vilnius, rytų ir pietų Lietuva","","+37064533340","public_phone","Kiti nestandartiniai baldai","https://get.data.gov.lt/datasets/gov/lsd/cl/ja_asmenys/JuridinisAsmuo/013ac845-9edb-4af7-a995-3fae456d59c3 | https://get.data.gov.lt/datasets/gov/rc/ar/gyvenamojivietove/GyvenamojiVietove/2646f0bc-39a9-4770-88bd-0a53b1c9b9bf | https://rekvizitai.vz.lt/en/company/aikstis/","2026-08-04"
"uab-arredo-deko-projektai-305778798","https://www.baldininkai.org/gamintojas/uab-arredo-deko-projektai-305778798/","UAB ""Arredo deko projektai""","UAB ""Arredo deko projektai""","305778798","Padrečiai","Smėlyno g. 6","LT-59289","Kaunas ir šiaurės Lietuva","","+37062330626","public_phone","Kiti nestandartiniai baldai","https://get.data.gov.lt/datasets/gov/lsd/cl/ja_asmenys/JuridinisAsmuo/0170be5b-e0e6-4804-9251-fafbe0c7802c | https://get.data.gov.lt/datasets/gov/rc/ar/gyvenamojivietove/GyvenamojiVietove/cce7333d-cc4f-4a1e-a9a3-9511283c99b1 | https://get.data.gov.lt/datasets/gov/rc/ar/adresai/Adresas/9c993d79-ebbe-421c-a058-e37772190a3c | https://rekvizitai.vz.lt/en/company/arredo_deko_projektai/","2026-08-04"
"uab-kzk-studija-305679946","https://www.baldininkai.org/gamintojas/uab-kzk-studija-305679946/","UAB Kzk studija","UAB Kzk studija","305679946","Vilnius","Adutiškio g. 5","LT-02112","Vilnius, rytų ir pietų Lietuva","","+37034945395","public_phone","Kiti nestandartiniai baldai","https://get.data.gov.lt/datasets/gov/lsd/cl/ja_asmenys/JuridinisAsmuo/020a4410-4d88-428e-9a31-3f12b6514a2b | https://get.data.gov.lt/datasets/gov/rc/ar/gyvenamojivietove/GyvenamojiVietove/2646f0bc-39a9-4770-88bd-0a53b1c9b9bf | https://rekvizitai.vz.lt/en/company/kzk_studija/","2026-08-04"
"uzdaroji-akcine-bendrove-riardzis-224476650","https://www.baldininkai.org/gamintojas/uzdaroji-akcine-bendrove-riardzis-224476650/","Uždaroji akcinė bendrovė ""RIARDŽIS""","Uždaroji akcinė bendrovė ""RIARDŽIS""","224476650","Vilnius","J. Basanavičiaus g. 63","LT-03109","Vilnius, rytų ir pietų Lietuva","","+37069926350","public_phone","Kiti nestandartiniai baldai","https://get.data.gov.lt/datasets/gov/lsd/cl/ja_asmenys/JuridinisAsmuo/0277f331-f047-4176-9f90-584874ffe260 | https://get.data.gov.lt/datasets/gov/rc/ar/gyvenamojivietove/GyvenamojiVietove/2646f0bc-39a9-4770-88bd-0a53b1c9b9bf | https://rekvizitai.vz.lt/en/company/riardzis/","2026-08-04"
"uab-lead-time-zero-304978027","https://www.baldininkai.org/gamintojas/uab-lead-time-zero-304978027/","UAB LEAD TIME ZERO","UAB LEAD TIME ZERO","304978027","Kaunas","Draugystės g. 15D","LT-51227","Kaunas ir šiaurės Lietuva","","+37067135502","public_phone","Kiti nestandartiniai baldai","https://get.data.gov.lt/datasets/gov/lsd/cl/ja_asmenys/JuridinisAsmuo/027bc072-e98b-4a6f-a80c-67a47e0a79ec | https://get.data.gov.lt/datasets/gov/rc/ar/gyvenamojivietove/GyvenamojiVietove/58437361-d62a-4714-9b74-f07ae0b9d66b | https://get.data.gov.lt/datasets/gov/rc/ar/adresai/Adresas/c9a45c5c-dca1-4638-b699-c678ef618f1e | https://rekvizitai.vz.lt/en/company/lead_time_zero/","2026-08-04"
"uab-vintori-304945568","https://www.baldininkai.org/gamintojas/uab-vintori-304945568/","UAB Vintori","UAB Vintori","304945568","Šiauliai","Vilniaus g. 146","LT-76297","Kaunas ir šiaurės Lietuva","","+37060027746","public_phone","Kiti nestandartiniai baldai","https://get.data.gov.lt/datasets/gov/lsd/cl/ja_asmenys/JuridinisAsmuo/0284de15-9a6c-4415-abab-c95a0a2578ee | https://get.data.gov.lt/datasets/gov/rc/ar/gyvenamojivietove/GyvenamojiVietove/9b1ff39c-5eda-4bc1-ba79-03255d2dd750 | https://rekvizitai.vz.lt/en/company/vintori/","2026-08-04"
"uab-baltasis-bizonas-304231694","https://www.baldininkai.org/gamintojas/uab-baltasis-bizonas-304231694/","UAB ""Baltasis bizonas""","UAB ""Baltasis bizonas""","304231694","Utena","Garažų g. 1A","LT-28139","Vilnius, rytų ir pietų Lietuva","","+37063700070","public_phone","Kiti nestandartiniai baldai","https://get.data.gov.lt/datasets/gov/lsd/cl/ja_asmenys/JuridinisAsmuo/02925f56-0c94-4c27-a478-e717af454316 | https://get.data.gov.lt/datasets/gov/rc/ar/gyvenamojivietove/GyvenamojiVietove/abc51f64-c334-4644-a0ca-56ba963727ae | https://get.data.gov.lt/datasets/gov/rc/jar/iregistruoti/JuridinisAsmuo/bcc50a71-b237-4c8f-9faa-d4c73e697f40 | https://rekvizitai.vz.lt/en/company/baltasis_bizonas/","2026-08-04"
"uab-piluka-304222065","https://www.baldininkai.org/gamintojas/uab-piluka-304222065/","UAB ""Piluka""","UAB ""Piluka""","304222065","Pigašiai","Girios g. 4","LT-19181","Vilnius, rytų ir pietų Lietuva","","+37060370460","public_phone","Kiti nestandartiniai baldai","https://get.data.gov.lt/datasets/gov/lsd/cl/ja_asmenys/JuridinisAsmuo/02cc7ec2-c399-44cf-8109-c45d08fbec4c | https://get.data.gov.lt/datasets/gov/rc/ar/gyvenamojivietove/GyvenamojiVietove/edd2d858-3dbf-471a-b924-b9d1a5caa83a | https://get.data.gov.lt/datasets/gov/rc/ar/adresai/Adresas/2914e4fc-3a83-43fe-af5d-ed0c2f85dee6 | https://rekvizitai.vz.lt/en/company/piluka/","2026-08-04"
"mazoji-bendrija-obrimus-305831539","https://www.baldininkai.org/gamintojas/mazoji-bendrija-obrimus-305831539/","Mažoji bendrija ""Obrimus""","Mažoji bendrija ""Obrimus""","305831539","Vilnius","V. Nagevičiaus g. 3","LT-08237","Vilnius, rytų ir pietų Lietuva","","+37062589888","public_phone","Kiti nestandartiniai baldai","https://get.data.gov.lt/datasets/gov/lsd/cl/ja_asmenys/JuridinisAsmuo/0329c6e3-1aae-4e10-b825-a6c70dfdd685 | https://get.data.gov.lt/datasets/gov/rc/ar/gyvenamojivietove/GyvenamojiVietove/2646f0bc-39a9-4770-88bd-0a53b1c9b9bf | https://get.data.gov.lt/datasets/gov/rc/ar/adresai/Adresas/3c9d9038-794a-4bff-9fed-53e763a915ca | https://rekvizitai.vz.lt/en/company/obrimus/","2026-08-04"
"mb-baldu-gaminiai-304098482","https://www.baldininkai.org/gamintojas/mb-baldu-gaminiai-304098482/","MB ""Baldų gaminiai""","MB ""Baldų gaminiai""","304098482","Marijampolė","Vasaros g. 19","LT-68114","Vilnius, rytų ir pietų Lietuva","","+37061010085","public_phone","Kiti nestandartiniai baldai","https://get.data.gov.lt/datasets/gov/lsd/cl/ja_asmenys/JuridinisAsmuo/032b7679-505e-475d-9e3d-19c36456fffc | https://get.data.gov.lt/datasets/gov/rc/ar/gyvenamojivietove/GyvenamojiVietove/e44e30fc-52be-4cf1-9010-0a9d07862dbc | https://get.data.gov.lt/datasets/gov/rc/ar/adresai/Adresas/8346ec3d-637d-4a2f-bbe5-48ff7551d46a | https://rekvizitai.vz.lt/en/company/baldu_gaminiai/","2026-08-04"
"mb-baldakas-306712160","https://www.baldininkai.org/gamintojas/mb-baldakas-306712160/","MB ""Baldakas""","MB ""Baldakas""","306712160","Vainotiškiai","Ežero g. 10","LT-58337","Klaipėda, Panevėžys, vakarų ir centrinė Lietuva","","+37063683874","public_phone","Kiti nestandartiniai baldai","https://get.data.gov.lt/datasets/gov/lsd/cl/ja_asmenys/JuridinisAsmuo/035bb7b5-079a-4be2-b89d-8a22d45d37f2 | https://get.data.gov.lt/datasets/gov/rc/ar/gyvenamojivietove/GyvenamojiVietove/ad3a191b-123b-4e77-b03a-e656298d4833 | https://get.data.gov.lt/datasets/gov/rc/ar/adresai/Adresas/ea455ebe-197d-4e05-a3c0-c9f4fe60830e | https://rekvizitai.vz.lt/en/company/baldakas/","2026-08-04"
"mb-baldaiska-306323928","https://www.baldininkai.org/gamintojas/mb-baldaiska-306323928/","MB Baldaiska","MB Baldaiska","306323928","Šilutė","Pagraudos g. 12","LT-99112","Klaipėda, Panevėžys, vakarų ir centrinė Lietuva","","+37065575871","public_phone","Kiti nestandartiniai baldai","https://get.data.gov.lt/datasets/gov/lsd/cl/ja_asmenys/JuridinisAsmuo/038f8ff8-2a59-4461-83bc-e545e7879399 | https://get.data.gov.lt/datasets/gov/rc/ar/gyvenamojivietove/GyvenamojiVietove/7466bde0-9db4-431c-a248-2b2276b3422b | https://get.data.gov.lt/datasets/gov/rc/ar/adresai/Adresas/d28fea15-c837-4c5e-a44e-5311343c3fb9 | https://rekvizitai.vz.lt/en/company/baldaiska/","2026-08-04"
"artrum-mb-305981318","https://www.baldininkai.org/gamintojas/artrum-mb-305981318/","Artrum, MB","Artrum, MB","305981318","Rumšiškės","Marių g. 99","LT-56337","Kaunas ir šiaurės Lietuva","","","no_public_contact_route","Kiti nestandartiniai baldai","https://get.data.gov.lt/datasets/gov/lsd/cl/ja_asmenys/JuridinisAsmuo/03a2c26c-9731-4bac-846b-a3b48c09c344 | https://get.data.gov.lt/datasets/gov/rc/ar/gyvenamojivietove/GyvenamojiVietove/7e73708d-b0d6-4e25-b901-dc7b0b28d14d | https://get.data.gov.lt/datasets/gov/rc/ar/adresai/Adresas/47ff0e81-1523-40ad-9cb3-b4e4625e3668","2026-08-04"
"uab-viva-style-304926429","https://www.baldininkai.org/gamintojas/uab-viva-style-304926429/","UAB ""Viva style""","UAB ""Viva style""","304926429","Lietuva","Dubysos g. 31","LT-91181","Visa Lietuva (miestas nenurodytas oficialiame šaltinyje)","","+37065177717","public_phone","Kiti nestandartiniai baldai","https://get.data.gov.lt/datasets/gov/lsd/cl/ja_asmenys/JuridinisAsmuo/03be44df-38bb-4168-a8d8-ecbb59823b7c | https://rekvizitai.vz.lt/en/company/viva_style/","2026-08-04"
"uab-fika-lt-302711050","https://www.baldininkai.org/gamintojas/uab-fika-lt-302711050/","UAB FIKA LT","UAB FIKA LT","302711050","Lietuva","Rokakiemio g. 18","LT-46115","Visa Lietuva (miestas nenurodytas oficialiame šaltinyje)","","+37037211979","public_phone","Kiti nestandartiniai baldai","https://get.data.gov.lt/datasets/gov/lsd/cl/ja_asmenys/JuridinisAsmuo/03dfe5bb-f465-49f2-930b-9897792e9945 | https://rekvizitai.vz.lt/en/company/uab_pifka/","2026-08-04"
"uab-milpra-303301150","https://www.baldininkai.org/gamintojas/uab-milpra-303301150/","UAB ""Milpra""","UAB ""Milpra""","303301150","Vilnius","Laisvės pr. 60","LT-05120","Vilnius, rytų ir pietų Lietuva","","+37060428238","public_phone","Kiti nestandartiniai baldai","https://get.data.gov.lt/datasets/gov/lsd/cl/ja_asmenys/JuridinisAsmuo/04018f97-bade-460c-9919-0ece32673bca | https://get.data.gov.lt/datasets/gov/rc/ar/gyvenamojivietove/GyvenamojiVietove/2646f0bc-39a9-4770-88bd-0a53b1c9b9bf | https://get.data.gov.lt/datasets/gov/rc/ar/adresai/Adresas/d26f2a7f-df7d-4622-a7f1-5a852511300a | https://rekvizitai.vz.lt/en/company/milpra/","2026-08-04"
"uab-anjaras-125510364","https://www.baldininkai.org/gamintojas/uab-anjaras-125510364/","UAB ""ANJARAS""","UAB ""ANJARAS""","125510364","Vilnius","Žirnių g. 10","LT-02120","Vilnius, rytų ir pietų Lietuva","","+37052152372","public_phone","Kiti nestandartiniai baldai","https://get.data.gov.lt/datasets/gov/lsd/cl/ja_asmenys/JuridinisAsmuo/041a8720-f52e-425a-b230-68441aecaee3 | https://get.data.gov.lt/datasets/gov/rc/ar/gyvenamojivietove/GyvenamojiVietove/2646f0bc-39a9-4770-88bd-0a53b1c9b9bf | https://get.data.gov.lt/datasets/gov/rc/ar/adresai/Adresas/dce68bac-4e15-4b2f-9572-62879477b9e4 | https://rekvizitai.vz.lt/en/company/anjaras/","2026-08-04"
"mb-space-idea-property-306391498","https://www.baldininkai.org/gamintojas/mb-space-idea-property-306391498/","MB Space idea property","MB Space idea property","306391498","Klaipėda","Ragainės g. 14","LT-92196","Klaipėda, Panevėžys, vakarų ir centrinė Lietuva","","+37060130365","public_phone","Kiti nestandartiniai baldai","https://get.data.gov.lt/datasets/gov/lsd/cl/ja_asmenys/JuridinisAsmuo/0422efde-09a9-4582-9d6b-543752c1a2e4 | https://get.data.gov.lt/datasets/gov/rc/ar/gyvenamojivietove/GyvenamojiVietove/ecd017de-4285-4f24-974a-9d2eacfb5eab | https://rekvizitai.vz.lt/en/company/space_idea_property/","2026-08-04"
"mb-la-projects-306708016","https://www.baldininkai.org/gamintojas/mb-la-projects-306708016/","MB ""LA projects""","MB ""LA projects""","306708016","Vilnius","Giedraičių g. 39","LT-09302","Vilnius, rytų ir pietų Lietuva","","","no_public_contact_route","Kiti nestandartiniai baldai","https://get.data.gov.lt/datasets/gov/lsd/cl/ja_asmenys/JuridinisAsmuo/043cdc20-5734-478b-8164-af596bb8b141 | https://get.data.gov.lt/datasets/gov/rc/ar/gyvenamojivietove/GyvenamojiVietove/2646f0bc-39a9-4770-88bd-0a53b1c9b9bf | https://rekvizitai.vz.lt/en/company/la_projects/","2026-08-04"
"uab-sk-design-300104258","https://www.baldininkai.org/gamintojas/uab-sk-design-300104258/","UAB ""SK Design""","UAB ""SK Design""","300104258","Augustavas","Švenčionių g. 6","LT-18206","Vilnius, rytų ir pietų Lietuva","","+37038731380","public_phone","Kiti nestandartiniai baldai","https://get.data.gov.lt/datasets/gov/lsd/cl/ja_asmenys/JuridinisAsmuo/04a7da35-1f01-40b6-89b1-3f0376b4fd8b | https://get.data.gov.lt/datasets/gov/rc/ar/gyvenamojivietove/GyvenamojiVietove/fb784ca6-1889-4a2f-a24c-890a8e0e1120 | https://get.data.gov.lt/datasets/gov/rc/ar/adresai/Adresas/e1c31477-3f70-4c2f-a864-69183a687320 | https://rekvizitai.vz.lt/en/company/sk_design/","2026-08-04"
"mb-tryse-baldai-306879647","https://www.baldininkai.org/gamintojas/mb-tryse-baldai-306879647/","MB Tryse baldai","MB Tryse baldai","306879647","Ramučiai","K. Bielinio g. 6","LT-54465","Kaunas ir šiaurės Lietuva","","+37069935753","public_phone","Kiti nestandartiniai baldai","https://get.data.gov.lt/datasets/gov/lsd/cl/ja_asmenys/JuridinisAsmuo/04b5384b-ead4-4978-b3b1-3bb3632553bf | https://get.data.gov.lt/datasets/gov/rc/ar/gyvenamojivietove/GyvenamojiVietove/921b09ad-7a8c-4c81-b48d-0958472863cc | https://get.data.gov.lt/datasets/gov/rc/ar/adresai/Adresas/15b5d4f4-dedd-4d0b-8e5a-8e7a9d35ce22 | https://rekvizitai.vz.lt/en/company/tryse_baldai/","2026-08-04"
"uab-freda-133386126","https://www.baldininkai.org/gamintojas/uab-freda-133386126/","UAB ""Freda""","UAB ""Freda""","133386126","Kaunas","Piliakalnio g. 3","LT-46224","Kaunas ir šiaurės Lietuva","","+37037391212","public_phone","Kiti nestandartiniai baldai","https://get.data.gov.lt/datasets/gov/lsd/cl/ja_asmenys/JuridinisAsmuo/04e1dd8c-65ad-4aa2-b484-9e978c16a559 | https://get.data.gov.lt/datasets/gov/rc/ar/gyvenamojivietove/GyvenamojiVietove/58437361-d62a-4714-9b74-f07ae0b9d66b | https://get.data.gov.lt/datasets/gov/rc/ar/adresai/Adresas/04fceef6-c85d-47d7-9e83-f97127375c40 | https://rekvizitai.vz.lt/en/company/freda/","2026-08-04"
"mb-ba-dirbtuves-305679775","https://www.baldininkai.org/gamintojas/mb-ba-dirbtuves-305679775/","MB ""BA dirbtuvės""","MB ""BA dirbtuvės""","305679775","Kaunas","Partizanų g. 61","LT-49282","Kaunas ir šiaurės Lietuva","","+37064123453","public_phone","Kiti nestandartiniai baldai","https://get.data.gov.lt/datasets/gov/lsd/cl/ja_asmenys/JuridinisAsmuo/0519187d-6982-4309-aa8a-f3cfd712f72a | https://get.data.gov.lt/datasets/gov/rc/ar/gyvenamojivietove/GyvenamojiVietove/58437361-d62a-4714-9b74-f07ae0b9d66b | https://rekvizitai.vz.lt/en/company/ba_dirbtuves/","2026-08-04"
"mb-abc-baldai-306653648","https://www.baldininkai.org/gamintojas/mb-abc-baldai-306653648/","MB Abc baldai","MB Abc baldai","306653648","Gilūšis","Naujoji g. 15","LT-21406","Vilnius, rytų ir pietų Lietuva","","+37067215153","public_phone","Kiti nestandartiniai baldai","https://get.data.gov.lt/datasets/gov/lsd/cl/ja_asmenys/JuridinisAsmuo/0569677a-8802-4619-83e9-b62319ac9d92 | https://get.data.gov.lt/datasets/gov/rc/ar/gyvenamojivietove/GyvenamojiVietove/1505cabe-4657-494f-afb6-da40849ad5f6 | https://get.data.gov.lt/datasets/gov/rc/ar/adresai/Adresas/461a438b-e44f-4738-94b7-b35c53e6cda4 | https://rekvizitai.vz.lt/en/company/abc_baldai/","2026-08-04"
"mb-labanoris-305390728","https://www.baldininkai.org/gamintojas/mb-labanoris-305390728/","MB ""Labanoris""","MB ""Labanoris""","305390728","Pumpučiai","Šilo g. 82","LT-33291","Vilnius, rytų ir pietų Lietuva","","+37038388888","public_phone","Kiti nestandartiniai baldai","https://get.data.gov.lt/datasets/gov/lsd/cl/ja_asmenys/JuridinisAsmuo/056fe533-55f7-4cbf-80e3-c5259012d5a8 | https://get.data.gov.lt/datasets/gov/rc/ar/gyvenamojivietove/GyvenamojiVietove/9bb6fff1-8ec9-47b1-93b1-2f6f27bd5dc3 | https://get.data.gov.lt/datasets/gov/rc/ar/adresai/Adresas/3f372482-d576-4c4a-87bc-86bf99279aa7 | https://rekvizitai.vz.lt/en/company/labanoris/","2026-08-04"
"sigito-baciansko-individuali-imone-125773881","https://www.baldininkai.org/gamintojas/sigito-baciansko-individuali-imone-125773881/","Sigito Baciansko individuali įmonė","Sigito Baciansko individuali įmonė","125773881","Vilnius","Gilužio g. 6","LT-06279","Vilnius, rytų ir pietų Lietuva","","+37052707104","public_phone","Kiti nestandartiniai baldai","https://get.data.gov.lt/datasets/gov/lsd/cl/ja_asmenys/JuridinisAsmuo/05877d79-e88f-4ec8-aec0-154e7842aa5f | https://get.data.gov.lt/datasets/gov/rc/ar/gyvenamojivietove/GyvenamojiVietove/2646f0bc-39a9-4770-88bd-0a53b1c9b9bf | https://rekvizitai.vz.lt/en/company/sigito_baciansko_ii/","2026-08-04"
"mb-jurio-baldai-307020485","https://www.baldininkai.org/gamintojas/mb-jurio-baldai-307020485/","MB ""Jurio baldai""","MB ""Jurio baldai""","307020485","Vileikiai","Seirijų kel. 45H","LT-67277","Vilnius, rytų ir pietų Lietuva","","+37064040666","public_phone","Kiti nestandartiniai baldai","https://get.data.gov.lt/datasets/gov/lsd/cl/ja_asmenys/JuridinisAsmuo/05968af2-e153-4177-9740-7bfdb1c40ae4 | https://get.data.gov.lt/datasets/gov/rc/ar/gyvenamojivietove/GyvenamojiVietove/cc4db439-639a-43bd-b405-8156c88e7d98 | https://get.data.gov.lt/datasets/gov/rc/ar/adresai/Adresas/62e0330e-3b1e-468f-97fd-79095a65b54c | https://rekvizitai.vz.lt/en/company/jurio_baldai/","2026-08-04"
"uzdaroji-akcine-bendrove-saloza-234003980","https://www.baldininkai.org/gamintojas/uzdaroji-akcine-bendrove-saloza-234003980/","Uždaroji akcinė bendrovė ""Saloža""","Uždaroji akcinė bendrovė ""Saloža""","234003980","Kaunas","Šaldytuvų g. 47","LT-45126","Kaunas ir šiaurės Lietuva","","+37037341391","public_phone","Kiti nestandartiniai baldai","https://get.data.gov.lt/datasets/gov/lsd/cl/ja_asmenys/JuridinisAsmuo/059b49ca-6ec7-4994-b43e-ad7929a8964e | https://get.data.gov.lt/datasets/gov/rc/ar/gyvenamojivietove/GyvenamojiVietove/58437361-d62a-4714-9b74-f07ae0b9d66b | https://get.data.gov.lt/datasets/gov/rc/ar/adresai/Adresas/daf27939-e08a-4f36-840d-75f1cbd0d9b1 | https://rekvizitai.vz.lt/en/company/saloza/","2026-08-04"
"uab-kensa-302542006","https://www.baldininkai.org/gamintojas/uab-kensa-302542006/","UAB ""Kensa""","UAB ""Kensa""","302542006","Šiauliai","V. Bielskio g. 14","LT-76162","Kaunas ir šiaurės Lietuva","","+37066422322","public_phone","Kiti nestandartiniai baldai","https://get.data.gov.lt/datasets/gov/lsd/cl/ja_asmenys/JuridinisAsmuo/05e58e89-b527-4ef9-b70d-48c17bc59322 | https://get.data.gov.lt/datasets/gov/rc/ar/gyvenamojivietove/GyvenamojiVietove/9b1ff39c-5eda-4bc1-ba79-03255d2dd750 | https://get.data.gov.lt/datasets/gov/rc/ar/adresai/Adresas/c0ee2055-2917-4557-b24b-5da6d605aa4e | https://rekvizitai.vz.lt/en/company/kensa/","2026-08-04"
"vilmers-uab-300098524","https://www.baldininkai.org/gamintojas/vilmers-uab-300098524/","Vilmers UAB","Vilmers UAB","300098524","Šiauliai","Pramonės g. 15","LT-78137","Kaunas ir šiaurės Lietuva","","+37041545134","public_phone","Kiti nestandartiniai baldai","https://get.data.gov.lt/datasets/gov/lsd/cl/ja_asmenys/JuridinisAsmuo/05e60422-63e5-4c46-923c-489efeec1590 | https://get.data.gov.lt/datasets/gov/rc/ar/gyvenamojivietove/GyvenamojiVietove/9b1ff39c-5eda-4bc1-ba79-03255d2dd750 | https://rekvizitai.vz.lt/en/company/litsofa/","2026-08-04"
"ii-vysniu-baldai-304840040","https://www.baldininkai.org/gamintojas/ii-vysniu-baldai-304840040/","IĮ ""Vyšnių baldai""","IĮ ""Vyšnių baldai""","304840040","Senkiškiai","Tuopų g. 1","LT-70317","Vilnius, rytų ir pietų Lietuva","","+37062080250","public_phone","Kiti nestandartiniai baldai","https://get.data.gov.lt/datasets/gov/lsd/cl/ja_asmenys/JuridinisAsmuo/05e8803f-0618-49c3-9975-5f21f8b35d33 | https://get.data.gov.lt/datasets/gov/rc/ar/gyvenamojivietove/GyvenamojiVietove/c93596f4-47a5-4d24-ad61-2e90878c8142 | https://get.data.gov.lt/datasets/gov/rc/ar/adresai/Adresas/f8f70e50-1a50-4147-8375-ebb823174e9d | https://rekvizitai.vz.lt/en/company/vysniu_baldai/","2026-08-04"
"uab-aztrekas-135499959","https://www.baldininkai.org/gamintojas/uab-aztrekas-135499959/","UAB ""Aztrekas""","UAB ""Aztrekas""","135499959","Lietuva","V. Krėvės pr. 53","LT-50358","Visa Lietuva (miestas nenurodytas oficialiame šaltinyje)","","+37037312506","public_phone","Kiti nestandartiniai baldai","https://get.data.gov.lt/datasets/gov/lsd/cl/ja_asmenys/JuridinisAsmuo/072cf424-b8e6-4465-b037-301878fb8127 | https://rekvizitai.vz.lt/en/company/aztrekas/","2026-08-04"
"mb-melamin-306146424","https://www.baldininkai.org/gamintojas/mb-melamin-306146424/","MB ""Melamin""","MB ""Melamin""","306146424","Lietuva","Mažoji g. 5","LT-82124","Visa Lietuva (miestas nenurodytas oficialiame šaltinyje)","","+37064660603","public_phone","Kiti nestandartiniai baldai","https://get.data.gov.lt/datasets/gov/lsd/cl/ja_asmenys/JuridinisAsmuo/07501f3b-4e30-477d-8cad-9e30241f52b3 | https://rekvizitai.vz.lt/en/company/melamin/","2026-08-04"
"uab-furnipro-305699614","https://www.baldininkai.org/gamintojas/uab-furnipro-305699614/","UAB ""Furnipro""","UAB ""Furnipro""","305699614","Kaunas","Europos pr. 96H","LT-46351","Kaunas ir šiaurės Lietuva","","+37065029260","public_phone","Kiti nestandartiniai baldai","https://get.data.gov.lt/datasets/gov/lsd/cl/ja_asmenys/JuridinisAsmuo/0770916a-7f87-49bc-97cd-8bfbd195d3b1 | https://get.data.gov.lt/datasets/gov/rc/ar/gyvenamojivietove/GyvenamojiVietove/58437361-d62a-4714-9b74-f07ae0b9d66b | https://get.data.gov.lt/datasets/gov/rc/ar/adresai/Adresas/cafb7f75-d1be-45d7-949c-69e367b86c21 | https://rekvizitai.vz.lt/en/company/furnipro/","2026-08-04"
"mb-kanteka-307296512","https://www.baldininkai.org/gamintojas/mb-kanteka-307296512/","MB Kanteka","MB Kanteka","307296512","Klaipėda","Mogiliovo g. 6","LT-95208","Klaipėda, Panevėžys, vakarų ir centrinė Lietuva","","+37064582686","public_phone","Kiti nestandartiniai baldai","https://get.data.gov.lt/datasets/gov/lsd/cl/ja_asmenys/JuridinisAsmuo/07954d71-094a-42c6-a928-39b2ccfc19f1 | https://get.data.gov.lt/datasets/gov/rc/ar/gyvenamojivietove/GyvenamojiVietove/ecd017de-4285-4f24-974a-9d2eacfb5eab | https://rekvizitai.vz.lt/en/company/kanteka/","2026-08-04"
"uab-korsara-302469437","https://www.baldininkai.org/gamintojas/uab-korsara-302469437/","UAB ""Korsara""","UAB ""Korsara""","302469437","Kretingalė","Klaipėdos g. 1H","LT-96332","Klaipėda, Panevėžys, vakarų ir centrinė Lietuva","","","no_public_contact_route","Kiti nestandartiniai baldai","https://get.data.gov.lt/datasets/gov/lsd/cl/ja_asmenys/JuridinisAsmuo/0796fc00-b7f4-4ce8-a075-5befc01da1af | https://get.data.gov.lt/datasets/gov/rc/ar/gyvenamojivietove/GyvenamojiVietove/7dbe0b72-0678-4455-815b-1b4a2ee487d4 | https://get.data.gov.lt/datasets/gov/rc/ar/adresai/Adresas/3e98d0e3-c19f-44f3-b22e-9c3a1550c380","2026-08-04"
"karaliaus-baldai-uab-305991312","https://www.baldininkai.org/gamintojas/karaliaus-baldai-uab-305991312/","Karaliaus baldai, UAB","Karaliaus baldai, UAB","305991312","Klaipėda","Naikupės g. 19","LT-93205","Klaipėda, Panevėžys, vakarų ir centrinė Lietuva","","+37066444262","public_phone","Kiti nestandartiniai baldai","https://get.data.gov.lt/datasets/gov/lsd/cl/ja_asmenys/JuridinisAsmuo/07d8a40b-f599-41c3-9946-088f986db8e8 | https://get.data.gov.lt/datasets/gov/rc/ar/gyvenamojivietove/GyvenamojiVietove/ecd017de-4285-4f24-974a-9d2eacfb5eab | https://rekvizitai.vz.lt/en/company/karaliaus_baldai/","2026-08-04"
"uab-vagensas-255973180","https://www.baldininkai.org/gamintojas/uab-vagensas-255973180/","UAB ""VAGENSAS""","UAB ""VAGENSAS""","255973180","Visaginas","Sedulinos al. 16","LT-31121","Vilnius, rytų ir pietų Lietuva","","+37038670727","public_phone","Kiti nestandartiniai baldai","https://get.data.gov.lt/datasets/gov/lsd/cl/ja_asmenys/JuridinisAsmuo/0800a43b-e04a-4d3a-a217-2ef4d902709d | https://get.data.gov.lt/datasets/gov/rc/ar/gyvenamojivietove/GyvenamojiVietove/f8f8c4c8-ad7b-47e5-b786-e45a582163dc | https://rekvizitai.vz.lt/en/company/baldai_vagensas_parduotuve/","2026-08-04"
"uab-eega1-300004336","https://www.baldininkai.org/gamintojas/uab-eega1-300004336/","UAB ""EEGA1""","UAB ""EEGA1""","300004336","Lietuva","Žemynos g. 13","LT-75102","Visa Lietuva (miestas nenurodytas oficialiame šaltinyje)","","+37065030971","public_phone","Kiti nestandartiniai baldai","https://get.data.gov.lt/datasets/gov/lsd/cl/ja_asmenys/JuridinisAsmuo/08cb0e7f-b10c-4053-af43-1c90a59acc73 | https://rekvizitai.vz.lt/en/company/eega1/","2026-08-04"
"mb-aistis-ir-rokas-304521861","https://www.baldininkai.org/gamintojas/mb-aistis-ir-rokas-304521861/","MB ""Aistis ir Rokas""","MB ""Aistis ir Rokas""","304521861","Vilnius","Ukmergės g. 226","LT-07161","Vilnius, rytų ir pietų Lietuva","","+37068693390","public_phone","Kiti nestandartiniai baldai","https://get.data.gov.lt/datasets/gov/lsd/cl/ja_asmenys/JuridinisAsmuo/09b21f6f-8739-40ea-8ef5-d324079eeac7 | https://get.data.gov.lt/datasets/gov/rc/ar/gyvenamojivietove/GyvenamojiVietove/2646f0bc-39a9-4770-88bd-0a53b1c9b9bf | https://rekvizitai.vz.lt/en/company/aistis_ir_rokas/","2026-08-04"
"uab-destructa-305913872","https://www.baldininkai.org/gamintojas/uab-destructa-305913872/","UAB ""Destructa""","UAB ""Destructa""","305913872","Kaunas","Partizanų g. 61","LT-49282","Kaunas ir šiaurės Lietuva","","+37069411221","public_phone","Kiti nestandartiniai baldai","https://get.data.gov.lt/datasets/gov/lsd/cl/ja_asmenys/JuridinisAsmuo/0a370cfa-30b2-471e-aee0-00135657f26b | https://get.data.gov.lt/datasets/gov/rc/ar/gyvenamojivietove/GyvenamojiVietove/58437361-d62a-4714-9b74-f07ae0b9d66b | https://rekvizitai.vz.lt/en/company/destructa/","2026-08-04"
"ii-a-gaizausko-imone-miltauja-179463167","https://www.baldininkai.org/gamintojas/ii-a-gaizausko-imone-miltauja-179463167/","IĮ A. Gaižausko imonė ""Miltauja""","IĮ A. Gaižausko imonė ""Miltauja""","179463167","Taurai","Verslininkų g. 33","LT-72116","Kaunas ir šiaurės Lietuva","","+37044670012","public_phone","Kiti nestandartiniai baldai","https://get.data.gov.lt/datasets/gov/lsd/cl/ja_asmenys/JuridinisAsmuo/0a935d14-bcf6-4510-9715-fe32b360070d | https://get.data.gov.lt/datasets/gov/rc/ar/gyvenamojivietove/GyvenamojiVietove/bc3289be-f582-417b-ad4b-4d6db10fc2dd | https://get.data.gov.lt/datasets/gov/rc/ar/adresai/Adresas/99234df6-ef34-4dd3-94f8-cb1fe9124a2b | https://rekvizitai.vz.lt/en/company/a_gaizausko_imone_miltauja/","2026-08-04"
"uab-domingus-304459872","https://www.baldininkai.org/gamintojas/uab-domingus-304459872/","UAB ""Domingus""","UAB ""Domingus""","304459872","Miriniškiai","Debesų g. 22","LT-53368","Kaunas ir šiaurės Lietuva","","+37067834533","public_phone","Kiti nestandartiniai baldai","https://get.data.gov.lt/datasets/gov/lsd/cl/ja_asmenys/JuridinisAsmuo/0ab2e074-0431-496f-ba0e-73ca70a54df2 | https://get.data.gov.lt/datasets/gov/rc/ar/gyvenamojivietove/GyvenamojiVietove/d249d60f-d315-4a4f-893f-a0c4cbb790ce | https://get.data.gov.lt/datasets/gov/rc/ar/adresai/Adresas/4c080294-e878-40b6-aecf-8e621d2a5341 | https://rekvizitai.vz.lt/en/company/domingus/","2026-08-04"
"uab-rupeja-305771184","https://www.baldininkai.org/gamintojas/uab-rupeja-305771184/","UAB ""Rupėja""","UAB ""Rupėja""","305771184","Laukstėnai","Laukstėnų K. 11","LT-99413","Klaipėda, Panevėžys, vakarų ir centrinė Lietuva","","+37064342476","public_phone","Kiti nestandartiniai baldai","https://get.data.gov.lt/datasets/gov/lsd/cl/ja_asmenys/JuridinisAsmuo/0ac26ed0-db6b-42d4-ade3-3b915f86e0d6 | https://get.data.gov.lt/datasets/gov/rc/ar/gyvenamojivietove/GyvenamojiVietove/45f1aea7-4027-4cb0-a9c5-e9296d05c391 | https://rekvizitai.vz.lt/en/company/rupeja/","2026-08-04"
"baldasta-mb-306997147","https://www.baldininkai.org/gamintojas/baldasta-mb-306997147/","Baldasta, MB","Baldasta, MB","306997147","Alytus","Veliuonos g. 6","LT-62231","Vilnius, rytų ir pietų Lietuva","","","no_public_contact_route","Kiti nestandartiniai baldai","https://get.data.gov.lt/datasets/gov/lsd/cl/ja_asmenys/JuridinisAsmuo/0b180bd2-0d2f-4b10-a848-81c05f6ce38b | https://get.data.gov.lt/datasets/gov/rc/ar/gyvenamojivietove/GyvenamojiVietove/21bbe639-b485-490c-8ab4-e58494826b8c | https://get.data.gov.lt/datasets/gov/rc/ar/adresai/Adresas/5f5fca63-26d8-482e-be75-2721d19640f7","2026-08-04"
"uab-kadeira-304106769","https://www.baldininkai.org/gamintojas/uab-kadeira-304106769/","UAB ""Kadeira""","UAB ""Kadeira""","304106769","Šiauliai","Svajonės Sodų 2-oji g. 40","LT-76399","Kaunas ir šiaurės Lietuva","","+37060994028","public_phone","Kiti nestandartiniai baldai","https://get.data.gov.lt/datasets/gov/lsd/cl/ja_asmenys/JuridinisAsmuo/0b2c6ff0-9bd9-458a-bce0-fd0495050161 | https://get.data.gov.lt/datasets/gov/rc/ar/gyvenamojivietove/GyvenamojiVietove/9b1ff39c-5eda-4bc1-ba79-03255d2dd750 | https://get.data.gov.lt/datasets/gov/rc/ar/adresai/Adresas/1006dc27-1cc6-404d-b9c1-89a081b4bc3f | https://rekvizitai.vz.lt/en/company/kadeira/","2026-08-04"
"mb-versus-interior-304960125","https://www.baldininkai.org/gamintojas/mb-versus-interior-304960125/","MB ""Versus interior""","MB ""Versus interior""","304960125","Jauniūnai","Pievų g. 22","LT-19152","Vilnius, rytų ir pietų Lietuva","","+37067283262","public_phone","Kiti nestandartiniai baldai","https://get.data.gov.lt/datasets/gov/lsd/cl/ja_asmenys/JuridinisAsmuo/0b52da2b-4a85-459e-b277-524fbf40b710 | https://get.data.gov.lt/datasets/gov/rc/ar/gyvenamojivietove/GyvenamojiVietove/808ce4e1-4722-454f-b4a1-b90e306524b7 | https://get.data.gov.lt/datasets/gov/rc/ar/adresai/Adresas/9db7c101-bf43-41f3-8c5b-a3dc794b5186 | https://rekvizitai.vz.lt/en/company/versus_interior/","2026-08-04"
"mb-tabalda-307093825","https://www.baldininkai.org/gamintojas/mb-tabalda-307093825/","MB ""Tabalda""","MB ""Tabalda""","307093825","Trušeliai","Liepų g. 43A","LT-92440","Klaipėda, Panevėžys, vakarų ir centrinė Lietuva","","+37066571661","public_phone","Kiti nestandartiniai baldai","https://get.data.gov.lt/datasets/gov/lsd/cl/ja_asmenys/JuridinisAsmuo/0b6290f1-0720-4ffe-8934-488dc1b28781 | https://get.data.gov.lt/datasets/gov/rc/ar/gyvenamojivietove/GyvenamojiVietove/c8eefa8c-1787-4618-a740-23986bf16d0c | https://get.data.gov.lt/datasets/gov/rc/ar/adresai/Adresas/c789df2e-5f47-43bc-b0d4-7a38dd435f16 | https://rekvizitai.vz.lt/en/company/tabalda/","2026-08-04"
"uab-magnum-reditus-303192562","https://www.baldininkai.org/gamintojas/uab-magnum-reditus-303192562/","UAB ""Magnum reditus""","UAB ""Magnum reditus""","303192562","Vilnius","Gurių Sodų 10-oji g. 47","LT-11310","Vilnius, rytų ir pietų Lietuva","","+37067957939","public_phone","Kiti nestandartiniai baldai","https://get.data.gov.lt/datasets/gov/lsd/cl/ja_asmenys/JuridinisAsmuo/0baa86cf-f2fa-4457-9533-4fc74f16e308 | https://get.data.gov.lt/datasets/gov/rc/ar/gyvenamojivietove/GyvenamojiVietove/2646f0bc-39a9-4770-88bd-0a53b1c9b9bf | https://get.data.gov.lt/datasets/gov/rc/ar/adresai/Adresas/25bb5495-6692-4d7e-aafd-a4cf4cd3bd30 | https://rekvizitai.vz.lt/en/company/magnum_reditus/","2026-08-04"
"uab-mirandeka-302556080","https://www.baldininkai.org/gamintojas/uab-mirandeka-302556080/","UAB ""Mirandeka""","UAB ""Mirandeka""","302556080","Vilnius","Gedvydžių g. 1","LT-06311","Vilnius, rytų ir pietų Lietuva","","+37065656167","public_phone","Kiti nestandartiniai baldai","https://get.data.gov.lt/datasets/gov/lsd/cl/ja_asmenys/JuridinisAsmuo/0be36cfb-3f6e-4173-b412-22c8ca24a7b2 | https://get.data.gov.lt/datasets/gov/rc/ar/gyvenamojivietove/GyvenamojiVietove/2646f0bc-39a9-4770-88bd-0a53b1c9b9bf | https://rekvizitai.vz.lt/en/company/mirandeka/","2026-08-04"
"mb-grg-baldai-306635924","https://www.baldininkai.org/gamintojas/mb-grg-baldai-306635924/","MB Grg baldai","MB Grg baldai","306635924","Gargždai","Turgaus g. 28","LT-96129","Klaipėda, Panevėžys, vakarų ir centrinė Lietuva","","+37063366870","public_phone","Kiti nestandartiniai baldai","https://get.data.gov.lt/datasets/gov/lsd/cl/ja_asmenys/JuridinisAsmuo/0be4d477-6c77-4d19-ac7b-facd5f88f5d1 | https://get.data.gov.lt/datasets/gov/rc/ar/gyvenamojivietove/GyvenamojiVietove/8fb3e00c-b30a-4535-ae9d-8455257a748c | https://rekvizitai.vz.lt/en/company/grg_baldai/","2026-08-04"
"uab-joniskio-baldai-157689644","https://www.baldininkai.org/gamintojas/uab-joniskio-baldai-157689644/","UAB ""Joniškio baldai""","UAB ""Joniškio baldai""","157689644","Pavirčiuvė","Liepų g. 25B","LT-84425","Kaunas ir šiaurės Lietuva","","+37061118904","public_phone","Kiti nestandartiniai baldai","https://get.data.gov.lt/datasets/gov/lsd/cl/ja_asmenys/JuridinisAsmuo/0bf0add1-ba1f-4bb5-ac27-712287577052 | https://get.data.gov.lt/datasets/gov/rc/ar/gyvenamojivietove/GyvenamojiVietove/6ed9cb33-1d83-404d-a56b-11cba9a6b1b0 | https://rekvizitai.vz.lt/en/company/uab_joniskio_baldai/","2026-08-04"
"uzdaroji-akcine-bendrove-medrika-148051482","https://www.baldininkai.org/gamintojas/uzdaroji-akcine-bendrove-medrika-148051482/","Uždaroji akcinė bendrovė ""MEDRIKA""","Uždaroji akcinė bendrovė ""MEDRIKA""","148051482","Panevėžys","Katkų g. 89","LT-35295","Klaipėda, Panevėžys, vakarų ir centrinė Lietuva","","+37045516373","public_phone","Kiti nestandartiniai baldai","https://get.data.gov.lt/datasets/gov/lsd/cl/ja_asmenys/JuridinisAsmuo/0c048428-8544-4628-bbea-bca816dafe25 | https://get.data.gov.lt/datasets/gov/rc/ar/gyvenamojivietove/GyvenamojiVietove/9a5836b5-825f-472b-9223-bf095ee30b97 | https://get.data.gov.lt/datasets/gov/rc/ar/adresai/Adresas/1817961d-8016-4351-8adc-ee2e1ea91daf | https://rekvizitai.vz.lt/en/company/medrika/","2026-08-04"
"uab-alneka-304186306","https://www.baldininkai.org/gamintojas/uab-alneka-304186306/","UAB ""Alneka""","UAB ""Alneka""","304186306","Vilnius","Žirmūnų g. 104","LT-09121","Vilnius, rytų ir pietų Lietuva","","+37064118888","public_phone","Kiti nestandartiniai baldai","https://get.data.gov.lt/datasets/gov/lsd/cl/ja_asmenys/JuridinisAsmuo/0c10d385-6d63-42bb-a1bb-c96cdeae05cc | https://get.data.gov.lt/datasets/gov/rc/ar/gyvenamojivietove/GyvenamojiVietove/2646f0bc-39a9-4770-88bd-0a53b1c9b9bf | https://rekvizitai.vz.lt/en/company/alneka/","2026-08-04"
"uab-s2s-301785585","https://www.baldininkai.org/gamintojas/uab-s2s-301785585/","UAB ""S2S""","UAB ""S2S""","301785585","Vilnius","Naujininkų g. 21","LT-02109","Vilnius, rytų ir pietų Lietuva","","","no_public_contact_route","Kiti nestandartiniai baldai","https://get.data.gov.lt/datasets/gov/lsd/cl/ja_asmenys/JuridinisAsmuo/0c3584b4-17b1-4412-8b6a-4b8be4d5eea9 | https://get.data.gov.lt/datasets/gov/rc/ar/gyvenamojivietove/GyvenamojiVietove/2646f0bc-39a9-4770-88bd-0a53b1c9b9bf | https://rekvizitai.vz.lt/en/company/uab_s2s/","2026-08-04"
"uab-ctt-300132909","https://www.baldininkai.org/gamintojas/uab-ctt-300132909/","UAB ""CTT""","UAB ""CTT""","300132909","Vilnius","Panerių g. 51","LT-03160","Vilnius, rytų ir pietų Lietuva","","+37067874277","public_phone","Kiti nestandartiniai baldai","https://get.data.gov.lt/datasets/gov/lsd/cl/ja_asmenys/JuridinisAsmuo/0c4766b3-f14c-4721-9213-20c59461a2a6 | https://get.data.gov.lt/datasets/gov/rc/ar/gyvenamojivietove/GyvenamojiVietove/2646f0bc-39a9-4770-88bd-0a53b1c9b9bf | https://get.data.gov.lt/datasets/gov/rc/ar/adresai/Adresas/411bde2d-5967-4e50-8c00-b7eb9f280de8 | https://rekvizitai.vz.lt/en/company/ctt/","2026-08-04"
"egidijaus-kino-imone-179749033","https://www.baldininkai.org/gamintojas/egidijaus-kino-imone-179749033/","Egidijaus Kino įmonė","Egidijaus Kino įmonė","179749033","Tauragė","Smėlynų skg. 15","LT-72311","Kaunas ir šiaurės Lietuva","","+37044661660","public_phone","Kiti nestandartiniai baldai","https://get.data.gov.lt/datasets/gov/lsd/cl/ja_asmenys/JuridinisAsmuo/0cc58516-57d8-4129-81ba-580ccdb2a105 | https://get.data.gov.lt/datasets/gov/rc/ar/gyvenamojivietove/GyvenamojiVietove/431396ae-8163-46d2-9bdf-e228d4efddfa | https://get.data.gov.lt/datasets/gov/rc/ar/adresai/Adresas/ed55631c-eafa-4a02-8410-5bd5f3f9600c | https://rekvizitai.vz.lt/en/company/egidijaus_kino_imone/","2026-08-04"
"uab-baldu-svaja-303927859","https://www.baldininkai.org/gamintojas/uab-baldu-svaja-303927859/","UAB ""Baldų svaja""","UAB ""Baldų svaja""","303927859","Klaipėda","Liepų g. 60A","LT-92105","Klaipėda, Panevėžys, vakarų ir centrinė Lietuva","","+37060606924","public_phone","Kiti nestandartiniai baldai","https://get.data.gov.lt/datasets/gov/lsd/cl/ja_asmenys/JuridinisAsmuo/0cd6476d-9e0b-46d8-835e-0fbbc8581431 | https://get.data.gov.lt/datasets/gov/rc/ar/gyvenamojivietove/GyvenamojiVietove/ecd017de-4285-4f24-974a-9d2eacfb5eab | https://rekvizitai.vz.lt/en/company/baldu_svaja/","2026-08-04"
"uab-sonavita-301696898","https://www.baldininkai.org/gamintojas/uab-sonavita-301696898/","UAB ""SONAVITA""","UAB ""SONAVITA""","301696898","Kaunas","Pikulo g. 66","LT-48435","Kaunas ir šiaurės Lietuva","","","no_public_contact_route","Kiti nestandartiniai baldai","https://get.data.gov.lt/datasets/gov/lsd/cl/ja_asmenys/JuridinisAsmuo/0d10e959-f5b0-49a5-a4f3-0898b0b3fdfa | https://get.data.gov.lt/datasets/gov/rc/ar/gyvenamojivietove/GyvenamojiVietove/58437361-d62a-4714-9b74-f07ae0b9d66b | https://get.data.gov.lt/datasets/gov/rc/ar/adresai/Adresas/d3dad691-475f-4e04-85e2-ea97d74f24f1","2026-08-04"
"uab-kitaip-301887572","https://www.baldininkai.org/gamintojas/uab-kitaip-301887572/","UAB ""KITAIP""","UAB ""KITAIP""","301887572","Vilnius","Kapsų g. 19","LT-02182","Vilnius, rytų ir pietų Lietuva","","+37052656649","public_phone","Kiti nestandartiniai baldai","https://get.data.gov.lt/datasets/gov/lsd/cl/ja_asmenys/JuridinisAsmuo/0d23357b-dc81-48c4-b6e3-82637b8f1007 | https://get.data.gov.lt/datasets/gov/rc/ar/gyvenamojivietove/GyvenamojiVietove/2646f0bc-39a9-4770-88bd-0a53b1c9b9bf | https://rekvizitai.vz.lt/en/company/uab_kitaip/","2026-08-04"
"uab-rigresta-303242378","https://www.baldininkai.org/gamintojas/uab-rigresta-303242378/","UAB ""Rigresta""","UAB ""Rigresta""","303242378","Kyviškės","Lakūnų g. 7A","LT-13132","Vilnius, rytų ir pietų Lietuva","","+37060022500","public_phone","Kiti nestandartiniai baldai","https://get.data.gov.lt/datasets/gov/lsd/cl/ja_asmenys/JuridinisAsmuo/0d482686-c8c0-4e71-ae98-5d7c4ec80534 | https://get.data.gov.lt/datasets/gov/rc/ar/gyvenamojivietove/GyvenamojiVietove/d897caa9-fdac-42ab-b78b-2bb4db0b8d6a | https://get.data.gov.lt/datasets/gov/rc/ar/adresai/Adresas/00007209-12f6-49f6-9720-af28a5fca67b | https://rekvizitai.vz.lt/en/company/rigresta/","2026-08-04"
"mb-pintora-304835958","https://www.baldininkai.org/gamintojas/mb-pintora-304835958/","MB ""Pintora""","MB ""Pintora""","304835958","Plungė","V. Mačernio g. 25","LT-90141","Kaunas ir šiaurės Lietuva","","+37062077788","public_phone","Kiti nestandartiniai baldai","https://get.data.gov.lt/datasets/gov/lsd/cl/ja_asmenys/JuridinisAsmuo/0d48af0d-69cc-4d07-82ec-4b026aab5a49 | https://get.data.gov.lt/datasets/gov/rc/ar/gyvenamojivietove/GyvenamojiVietove/9c609953-2e4c-46cf-90d1-40ab676e6291 | https://rekvizitai.vz.lt/en/company/pintora/","2026-08-04"
"uab-ternis-305217644","https://www.baldininkai.org/gamintojas/uab-ternis-305217644/","UAB ""Ternis""","UAB ""Ternis""","305217644","Ginėnai","Smiltynų g. 20","LT-54430","Kaunas ir šiaurės Lietuva","","+37068264005","public_phone","Kiti nestandartiniai baldai","https://get.data.gov.lt/datasets/gov/lsd/cl/ja_asmenys/JuridinisAsmuo/0e0bbd8d-87cf-4ed3-a9a4-0be524fd7c47 | https://get.data.gov.lt/datasets/gov/rc/ar/gyvenamojivietove/GyvenamojiVietove/e186b686-670b-4176-ba2a-6c745899aae7 | https://get.data.gov.lt/datasets/gov/rc/ar/adresai/Adresas/6697289e-1af6-4357-a720-07668f6daf17 | https://rekvizitai.vz.lt/en/company/ternis/","2026-08-04"
"mb-furnidedes-305939301","https://www.baldininkai.org/gamintojas/mb-furnidedes-305939301/","MB Furnidėdės","MB Furnidėdės","305939301","Kaunas","Chemijos g. 27C","LT-51331","Kaunas ir šiaurės Lietuva","","+37061001023","public_phone","Kiti nestandartiniai baldai","https://get.data.gov.lt/datasets/gov/lsd/cl/ja_asmenys/JuridinisAsmuo/0e0ca79f-cc83-42a4-b027-82ffdb3cef8e | https://get.data.gov.lt/datasets/gov/rc/ar/gyvenamojivietove/GyvenamojiVietove/58437361-d62a-4714-9b74-f07ae0b9d66b | https://rekvizitai.vz.lt/en/company/furnidedes/","2026-08-04"
"uab-real-vision-302453276","https://www.baldininkai.org/gamintojas/uab-real-vision-302453276/","UAB ""Real Vision""","UAB ""Real Vision""","302453276","Klaipėda","Alksnynės g. 15B","","Klaipėda, Panevėžys, vakarų ir centrinė Lietuva","","+37068948536","public_phone","Kiti nestandartiniai baldai","https://get.data.gov.lt/datasets/gov/lsd/cl/ja_asmenys/JuridinisAsmuo/0e0e0579-a5e8-4997-810c-aa0a6bad659c | https://get.data.gov.lt/datasets/gov/rc/ar/gyvenamojivietove/GyvenamojiVietove/ecd017de-4285-4f24-974a-9d2eacfb5eab | https://rekvizitai.vz.lt/en/company/uab_real_vision/","2026-08-04"
"uab-sprendimai-baldininkams-304990410","https://www.baldininkai.org/gamintojas/uab-sprendimai-baldininkams-304990410/","UAB ""Sprendimai baldininkams""","UAB ""Sprendimai baldininkams""","304990410","Vilnius","Meistrų g. 9","LT-02190","Vilnius, rytų ir pietų Lietuva","","+37052329010","public_phone","Kiti nestandartiniai baldai","https://get.data.gov.lt/datasets/gov/lsd/cl/ja_asmenys/JuridinisAsmuo/0e0fce19-0669-4a4f-a71d-91cff5e6278c | https://get.data.gov.lt/datasets/gov/rc/ar/gyvenamojivietove/GyvenamojiVietove/2646f0bc-39a9-4770-88bd-0a53b1c9b9bf | https://get.data.gov.lt/datasets/gov/rc/ar/adresai/Adresas/a66be85b-e659-4a9f-8f8f-9cccc918582e | https://rekvizitai.vz.lt/en/company/sprendimai_baldininkams/","2026-08-04"
"uab-stilforma-302761402","https://www.baldininkai.org/gamintojas/uab-stilforma-302761402/","UAB ""Stilforma""","UAB ""Stilforma""","302761402","Kaunas","Raudondvario pl. 101A","LT-47184","Kaunas ir šiaurės Lietuva","","","no_public_contact_route","Kiti nestandartiniai baldai","https://get.data.gov.lt/datasets/gov/lsd/cl/ja_asmenys/JuridinisAsmuo/0e5ed18a-f1ea-488c-8e7a-fde2aa5a50c7 | https://get.data.gov.lt/datasets/gov/rc/ar/gyvenamojivietove/GyvenamojiVietove/58437361-d62a-4714-9b74-f07ae0b9d66b | https://get.data.gov.lt/datasets/gov/rc/ar/adresai/Adresas/cf1d8f14-ba8f-4cc6-ab38-c92d661363d8","2026-08-04"
"mazoji-bendrija-sernosis-305935228","https://www.baldininkai.org/gamintojas/mazoji-bendrija-sernosis-305935228/","Mažoji bendrija ""Šernosis""","Mažoji bendrija ""Šernosis""","305935228","Lietuva","Ukmergės g. 29","LT-20286","Visa Lietuva (miestas nenurodytas oficialiame šaltinyje)","","+37064674990","public_phone","Kiti nestandartiniai baldai","https://get.data.gov.lt/datasets/gov/lsd/cl/ja_asmenys/JuridinisAsmuo/0e60408b-1a3a-43c7-a2bb-6ad20896ee5f | https://rekvizitai.vz.lt/en/company/sernosis/","2026-08-04"
"uab-ms-baldai-302680509","https://www.baldininkai.org/gamintojas/uab-ms-baldai-302680509/","UAB ""MS baldai""","UAB ""MS baldai""","302680509","Kaunas","Raudondvario pl. 164","LT-47173","Kaunas ir šiaurės Lietuva","","+37067981195","public_phone","Kiti nestandartiniai baldai","https://get.data.gov.lt/datasets/gov/lsd/cl/ja_asmenys/JuridinisAsmuo/0e606202-073c-46c9-9149-434440da9e1b | https://get.data.gov.lt/datasets/gov/rc/ar/gyvenamojivietove/GyvenamojiVietove/58437361-d62a-4714-9b74-f07ae0b9d66b | https://get.data.gov.lt/datasets/gov/rc/ar/adresai/Adresas/7eb2b38c-15ca-4508-b149-59789efe93b8 | https://rekvizitai.vz.lt/en/company/ms_baldai/","2026-08-04"
"uab-smv-projektai-302430459","https://www.baldininkai.org/gamintojas/uab-smv-projektai-302430459/","UAB ""SMV projektai""","UAB ""SMV projektai""","302430459","Laibgaliai","Jūžintų g. 23","LT-42273","Klaipėda, Panevėžys, vakarų ir centrinė Lietuva","","","no_public_contact_route","Kiti nestandartiniai baldai","https://get.data.gov.lt/datasets/gov/lsd/cl/ja_asmenys/JuridinisAsmuo/0e761547-b70b-4fe5-9b17-506308fe7797 | https://get.data.gov.lt/datasets/gov/rc/ar/gyvenamojivietove/GyvenamojiVietove/4665db2a-001a-465c-9a8f-87a274c8059c | https://get.data.gov.lt/datasets/gov/rc/ar/adresai/Adresas/c30f68b5-de40-455b-a6a2-da1b87783bc0","2026-08-04"
"mazoji-bendrija-baldukai-307021377","https://www.baldininkai.org/gamintojas/mazoji-bendrija-baldukai-307021377/","Mažoji bendrija Baldukai","Mažoji bendrija Baldukai","307021377","Jakai","Pašto g. 15","LT-96324","Klaipėda, Panevėžys, vakarų ir centrinė Lietuva","","+37061115563","public_phone","Kiti nestandartiniai baldai","https://get.data.gov.lt/datasets/gov/lsd/cl/ja_asmenys/JuridinisAsmuo/0e79b41a-15da-4343-bf6a-bcb378b53dab | https://get.data.gov.lt/datasets/gov/rc/ar/gyvenamojivietove/GyvenamojiVietove/03bb0e68-8928-4f31-9f19-fdbc0baa567c | https://get.data.gov.lt/datasets/gov/rc/ar/adresai/Adresas/5a1995aa-257e-4556-b3a4-6440f62e3d02 | https://rekvizitai.vz.lt/en/company/baldukai/","2026-08-04"
"mb-interius-304291360","https://www.baldininkai.org/gamintojas/mb-interius-304291360/","MB ""Interius""","MB ""Interius""","304291360","Vilnius","Liepų al. 66","LT-02233","Vilnius, rytų ir pietų Lietuva","","+37065532313","public_phone","Kiti nestandartiniai baldai","https://get.data.gov.lt/datasets/gov/lsd/cl/ja_asmenys/JuridinisAsmuo/0ed51d20-d29c-4a85-904f-2d0b34cb74cd | https://get.data.gov.lt/datasets/gov/rc/ar/gyvenamojivietove/GyvenamojiVietove/2646f0bc-39a9-4770-88bd-0a53b1c9b9bf | https://get.data.gov.lt/datasets/gov/rc/ar/adresai/Adresas/9c2fe601-3524-4434-84a1-ebaf4b0651f2 | https://rekvizitai.vz.lt/en/company/interius/","2026-08-04"
"uzdaroji-akcine-bendrove-medinedas-160289293","https://www.baldininkai.org/gamintojas/uzdaroji-akcine-bendrove-medinedas-160289293/","Uždaroji akcinė bendrovė ""Medinedas""","Uždaroji akcinė bendrovė ""Medinedas""","160289293","Lietuva","","","Visa Lietuva (miestas nenurodytas oficialiame šaltinyje)","","+37037563836","public_phone","Kiti nestandartiniai baldai","https://get.data.gov.lt/datasets/gov/lsd/cl/ja_asmenys/JuridinisAsmuo/0f787dba-60c7-4281-b4df-ab66ddf80bf5 | https://rekvizitai.vz.lt/en/company/medinedas/","2026-08-04"
"uab-bhk-lietuva-300050141","https://www.baldininkai.org/gamintojas/uab-bhk-lietuva-300050141/","UAB ""BHK Lietuva""","UAB ""BHK Lietuva""","300050141","Ignalina","Technikos g. 5","LT-30132","Vilnius, rytų ir pietų Lietuva","","+37038650045","public_phone","Kiti nestandartiniai baldai","https://get.data.gov.lt/datasets/gov/lsd/cl/ja_asmenys/JuridinisAsmuo/0fd96b3a-b45a-4ea5-a61e-5a1645144033 | https://get.data.gov.lt/datasets/gov/rc/ar/gyvenamojivietove/GyvenamojiVietove/93292ad2-64bb-48e0-92c0-135591d773fa | https://get.data.gov.lt/datasets/gov/rc/ar/adresai/Adresas/411fb9e3-a3f3-437c-97b1-b882e2adb55b | https://rekvizitai.vz.lt/en/company/bhk_lietuva/","2026-08-04"
"uab-ofus-302532624","https://www.baldininkai.org/gamintojas/uab-ofus-302532624/","UAB ""Ofus""","UAB ""Ofus""","302532624","Šiauliai","Kadagyno g. 16","LT-76190","Kaunas ir šiaurės Lietuva","","+37060196019","public_phone","Kiti nestandartiniai baldai","https://get.data.gov.lt/datasets/gov/lsd/cl/ja_asmenys/JuridinisAsmuo/0fe31370-aa80-454e-9a7c-dc796a796f2e | https://get.data.gov.lt/datasets/gov/rc/ar/gyvenamojivietove/GyvenamojiVietove/9b1ff39c-5eda-4bc1-ba79-03255d2dd750 | https://get.data.gov.lt/datasets/gov/rc/ar/adresai/Adresas/72224068-8dfc-4cd9-bc10-a23903b50532 | https://rekvizitai.vz.lt/en/company/ofus/","2026-08-04"
"mb-borera-306723872","https://www.baldininkai.org/gamintojas/mb-borera-306723872/","MB Borera","MB Borera","306723872","Vilnius","Taikos g. 131","LT-05206","Vilnius, rytų ir pietų Lietuva","","+37064860453","public_phone","Kiti nestandartiniai baldai","https://get.data.gov.lt/datasets/gov/lsd/cl/ja_asmenys/JuridinisAsmuo/0fe36575-b89f-4591-8715-4d01e98d7c21 | https://get.data.gov.lt/datasets/gov/rc/ar/gyvenamojivietove/GyvenamojiVietove/2646f0bc-39a9-4770-88bd-0a53b1c9b9bf | https://rekvizitai.vz.lt/en/company/borera/","2026-08-04"
"mb-blanko-baldai-306183629","https://www.baldininkai.org/gamintojas/mb-blanko-baldai-306183629/","MB Blanko baldai","MB Blanko baldai","306183629","Tauragė","Liepų Tak. 7","LT-72109","Kaunas ir šiaurės Lietuva","","+37061393385","public_phone","Kiti nestandartiniai baldai","https://get.data.gov.lt/datasets/gov/lsd/cl/ja_asmenys/JuridinisAsmuo/1040e2d1-54d4-448a-a859-d1a9088f5457 | https://get.data.gov.lt/datasets/gov/rc/ar/gyvenamojivietove/GyvenamojiVietove/431396ae-8163-46d2-9bdf-e228d4efddfa | https://rekvizitai.vz.lt/en/company/blanko_baldai/","2026-08-04"
"uab-artus-lt-303126904","https://www.baldininkai.org/gamintojas/uab-artus-lt-303126904/","UAB ""Artus LT""","UAB ""Artus LT""","303126904","Bakšiai","Putinų g. 61","LT-62186","Vilnius, rytų ir pietų Lietuva","","+37061813838","public_phone","Kiti nestandartiniai baldai","https://get.data.gov.lt/datasets/gov/lsd/cl/ja_asmenys/JuridinisAsmuo/10843ef4-a4c2-4718-89d2-71306a20fb46 | https://get.data.gov.lt/datasets/gov/rc/ar/gyvenamojivietove/GyvenamojiVietove/eb0476da-ba37-4956-b147-faf7f2b09339 | https://get.data.gov.lt/datasets/gov/rc/ar/adresai/Adresas/624ddf4a-c4c0-41ab-9bbe-44f83fde5a63 | https://rekvizitai.vz.lt/en/company/artus_lt/","2026-08-04"
"uab-algideja-304395996","https://www.baldininkai.org/gamintojas/uab-algideja-304395996/","UAB ""Algidėja""","UAB ""Algidėja""","304395996","Šatijai","Bebrų g. 9","LT-54431","Kaunas ir šiaurės Lietuva","","+37060766969","public_phone","Kiti nestandartiniai baldai","https://get.data.gov.lt/datasets/gov/lsd/cl/ja_asmenys/JuridinisAsmuo/1158e540-82d8-4ba0-a689-a2838f1ab4d8 | https://get.data.gov.lt/datasets/gov/rc/ar/gyvenamojivietove/GyvenamojiVietove/827c6d9b-b6dc-497d-a473-8f87998f4202 | https://get.data.gov.lt/datasets/gov/rc/ar/adresai/Adresas/f9bbc76b-bd58-4386-b477-db24076d7cdb | https://rekvizitai.vz.lt/en/company/algideja/","2026-08-04"
"uab-baldu-sistemos-126273181","https://www.baldininkai.org/gamintojas/uab-baldu-sistemos-126273181/","UAB ""Baldų sistemos""","UAB ""Baldų sistemos""","126273181","Nemėžis","Geležinkelio g. 2A","LT-13263","Vilnius, rytų ir pietų Lietuva","","+37064741220","public_phone","Kiti nestandartiniai baldai","https://get.data.gov.lt/datasets/gov/lsd/cl/ja_asmenys/JuridinisAsmuo/116a868b-3490-40dd-b119-1fa206213052 | https://get.data.gov.lt/datasets/gov/rc/ar/gyvenamojivietove/GyvenamojiVietove/83c32051-1500-47d8-85b8-0098e152c794 | https://get.data.gov.lt/datasets/gov/rc/ar/adresai/Adresas/883dfe14-b6fd-4942-ad14-90d2cde5417a | https://rekvizitai.vz.lt/en/company/baldu_sistemos/","2026-08-04"
"uab-metalo-pulsas-306198588","https://www.baldininkai.org/gamintojas/uab-metalo-pulsas-306198588/","UAB Metalo pulsas","UAB Metalo pulsas","306198588","Grauminė","Grauminės g. 10","LT-96231","Klaipėda, Panevėžys, vakarų ir centrinė Lietuva","","","no_public_contact_route","Kiti nestandartiniai baldai","https://get.data.gov.lt/datasets/gov/lsd/cl/ja_asmenys/JuridinisAsmuo/117c2562-7c6e-44f3-8765-4365e9d1409a | https://get.data.gov.lt/datasets/gov/rc/ar/gyvenamojivietove/GyvenamojiVietove/42c53065-93ab-4e35-98e8-72eabc3c1d4f | https://get.data.gov.lt/datasets/gov/rc/ar/adresai/Adresas/0cdafe21-5f6f-480d-87dd-3ae91f70a794","2026-08-04"
"uab-esd-baldai-301089656","https://www.baldininkai.org/gamintojas/uab-esd-baldai-301089656/","UAB ""ESD baldai""","UAB ""ESD baldai""","301089656","Kaišiadorys","Kęstučio g. 14","LT-56121","Kaunas ir šiaurės Lietuva","","+37068745141","public_phone","Kiti nestandartiniai baldai","https://get.data.gov.lt/datasets/gov/lsd/cl/ja_asmenys/JuridinisAsmuo/11801649-ec7c-4441-8040-3eaed425455a | https://get.data.gov.lt/datasets/gov/rc/ar/adresai/Adresas/d43db99c-0280-4c8b-8c11-e924637cb925 | https://get.data.gov.lt/datasets/gov/rc/ar/gyvenamojivietove/GyvenamojiVietove/9106cb72-2142-4882-a44e-333c184db11e | https://get.data.gov.lt/datasets/gov/rc/jar/iregistruoti/JuridinisAsmuo | https://rekvizitai.vz.lt/en/company/esd_baldai/","2026-08-04"
"uab-geri-amatai-302568620","https://www.baldininkai.org/gamintojas/uab-geri-amatai-302568620/","UAB ""Geri amatai""","UAB ""Geri amatai""","302568620","Klaipėda","Joniškės g. 24G","LT-91266","Klaipėda, Panevėžys, vakarų ir centrinė Lietuva","","+37067508704","public_phone","Kiti nestandartiniai baldai","https://get.data.gov.lt/datasets/gov/lsd/cl/ja_asmenys/JuridinisAsmuo/119576cd-37ed-4bc5-a6b7-b9ade6c0da2d | https://get.data.gov.lt/datasets/gov/rc/ar/gyvenamojivietove/GyvenamojiVietove/ecd017de-4285-4f24-974a-9d2eacfb5eab | https://rekvizitai.vz.lt/en/company/geri_amatai/","2026-08-04"
"uab-nero-baldai-303245214","https://www.baldininkai.org/gamintojas/uab-nero-baldai-303245214/","UAB ""Nero baldai""","UAB ""Nero baldai""","303245214","Klaipėda","Brožynų g. 2","LT-95209","Klaipėda, Panevėžys, vakarų ir centrinė Lietuva","","+37065018399","public_phone","Kiti nestandartiniai baldai","https://get.data.gov.lt/datasets/gov/lsd/cl/ja_asmenys/JuridinisAsmuo/11cb98e9-dd66-42b3-a929-50bd4541a8c8 | https://get.data.gov.lt/datasets/gov/rc/ar/gyvenamojivietove/GyvenamojiVietove/ecd017de-4285-4f24-974a-9d2eacfb5eab | https://rekvizitai.vz.lt/en/company/nero_baldai/","2026-08-04"
"uzdaroji-akcine-bendrove-mantisa-302327402","https://www.baldininkai.org/gamintojas/uzdaroji-akcine-bendrove-mantisa-302327402/","Uždaroji akcinė bendrovė ""MANTISA""","Uždaroji akcinė bendrovė ""MANTISA""","302327402","Vilnius","Papilėnų g. 3","LT-06224","Vilnius, rytų ir pietų Lietuva","","+37068044024","public_phone","Kiti nestandartiniai baldai","https://get.data.gov.lt/datasets/gov/lsd/cl/ja_asmenys/JuridinisAsmuo/11f9d145-81fb-4084-b6dc-b036934f4b6b | https://get.data.gov.lt/datasets/gov/rc/ar/gyvenamojivietove/GyvenamojiVietove/2646f0bc-39a9-4770-88bd-0a53b1c9b9bf | https://rekvizitai.vz.lt/en/company/uab_mantisa/","2026-08-04"
"uab-dominyko-projektai-304103246","https://www.baldininkai.org/gamintojas/uab-dominyko-projektai-304103246/","UAB ""Dominyko projektai""","UAB ""Dominyko projektai""","304103246","Vilnius","Ukmergės g. 300F","LT-06146","Vilnius, rytų ir pietų Lietuva","","+37060424328","public_phone","Kiti nestandartiniai baldai","https://get.data.gov.lt/datasets/gov/lsd/cl/ja_asmenys/JuridinisAsmuo/124e6515-ef09-4ac3-bc40-d62b73cf363c | https://get.data.gov.lt/datasets/gov/rc/ar/gyvenamojivietove/GyvenamojiVietove/2646f0bc-39a9-4770-88bd-0a53b1c9b9bf | https://rekvizitai.vz.lt/en/company/dominyko_projektai/","2026-08-04"
"mb-tovera-305844611","https://www.baldininkai.org/gamintojas/mb-tovera-305844611/","MB Tovera","MB Tovera","305844611","Ringaudai","Kantališkių g. 6","LT-53331","Kaunas ir šiaurės Lietuva","","+37066238600","public_phone","Kiti nestandartiniai baldai","https://get.data.gov.lt/datasets/gov/lsd/cl/ja_asmenys/JuridinisAsmuo/12753ecb-0010-4df4-95f3-29229d68520d | https://get.data.gov.lt/datasets/gov/rc/ar/gyvenamojivietove/GyvenamojiVietove/be3da577-5ddb-4213-9d9b-c197ac916225 | https://get.data.gov.lt/datasets/gov/rc/ar/adresai/Adresas/8318c35b-c8e7-493e-b5e9-5de09723322d | https://rekvizitai.vz.lt/en/company/tovera/","2026-08-04"
"uab-minora-301537376","https://www.baldininkai.org/gamintojas/uab-minora-301537376/","UAB ""Minora""","UAB ""Minora""","301537376","Šiauliai","B.mejerytės g. 5A","LT-80162","Kaunas ir šiaurės Lietuva","","+37062037871","public_phone","Kiti nestandartiniai baldai","https://get.data.gov.lt/datasets/gov/lsd/cl/ja_asmenys/JuridinisAsmuo/12a39e41-2965-4768-9f63-77be5307815c | https://get.data.gov.lt/datasets/gov/rc/ar/gyvenamojivietove/GyvenamojiVietove/9b1ff39c-5eda-4bc1-ba79-03255d2dd750 | https://rekvizitai.vz.lt/en/company/uab_minora/","2026-08-04"
"uab-oaky-oak-304940471","https://www.baldininkai.org/gamintojas/uab-oaky-oak-304940471/","UAB OAKY OAK","UAB OAKY OAK","304940471","Stančiai","Gandrų g. 6","LT-96338","Klaipėda, Panevėžys, vakarų ir centrinė Lietuva","","+37064411155","public_phone","Kiti nestandartiniai baldai","https://get.data.gov.lt/datasets/gov/lsd/cl/ja_asmenys/JuridinisAsmuo/12fa9efc-7450-4b9e-bd91-5b9602c81d35 | https://get.data.gov.lt/datasets/gov/rc/ar/gyvenamojivietove/GyvenamojiVietove/2dfa4c6a-2ec2-4dca-8309-3642374c05b7 | https://get.data.gov.lt/datasets/gov/rc/ar/adresai/Adresas/4eae005d-0c3e-4a8a-81a7-7ec59944af1a | https://rekvizitai.vz.lt/en/company/oaky_oak/","2026-08-04"
"uab-tigna-171703525","https://www.baldininkai.org/gamintojas/uab-tigna-171703525/","UAB ""Tigna""","UAB ""Tigna""","171703525","Plungė","Birutės g. 43A","LT-90170","Kaunas ir šiaurės Lietuva","","","no_public_contact_route","Kiti nestandartiniai baldai","https://get.data.gov.lt/datasets/gov/lsd/cl/ja_asmenys/JuridinisAsmuo/13020d93-c953-4c3c-9c8d-984176711632 | https://get.data.gov.lt/datasets/gov/rc/ar/gyvenamojivietove/GyvenamojiVietove/9c609953-2e4c-46cf-90d1-40ab676e6291 | https://get.data.gov.lt/datasets/gov/rc/ar/adresai/Adresas/feda7c84-2ff1-4278-9f7e-49e4cf81aaac","2026-08-04"
"uzdaroji-akcine-bendrove-litvaista-133663349","https://www.baldininkai.org/gamintojas/uzdaroji-akcine-bendrove-litvaista-133663349/","Uždaroji akcinė bendrovė ""Litvaista""","Uždaroji akcinė bendrovė ""Litvaista""","133663349","Kaunas","Taikos pr. 104A","LT-51197","Kaunas ir šiaurės Lietuva","","+37069839943","public_phone","Kiti nestandartiniai baldai","https://get.data.gov.lt/datasets/gov/lsd/cl/ja_asmenys/JuridinisAsmuo/134e27db-7a28-405c-880f-ef6fa61a95cc | https://get.data.gov.lt/datasets/gov/rc/ar/gyvenamojivietove/GyvenamojiVietove/58437361-d62a-4714-9b74-f07ae0b9d66b | https://get.data.gov.lt/datasets/gov/rc/ar/adresai/Adresas/f9ff65fa-7a53-444c-9d7c-a252e6d37146 | https://rekvizitai.vz.lt/en/company/litvaista/","2026-08-04"
"uab-robenas-302743411","https://www.baldininkai.org/gamintojas/uab-robenas-302743411/","UAB ""Robenas""","UAB ""Robenas""","302743411","Šiauliai","Aušros al. 13","LT-76298","Kaunas ir šiaurės Lietuva","","+37067805778","public_phone","Kiti nestandartiniai baldai","https://get.data.gov.lt/datasets/gov/lsd/cl/ja_asmenys/JuridinisAsmuo/13503475-2aa7-49d0-b3f9-65a289c20d1c | https://get.data.gov.lt/datasets/gov/rc/ar/gyvenamojivietove/GyvenamojiVietove/9b1ff39c-5eda-4bc1-ba79-03255d2dd750 | https://rekvizitai.vz.lt/en/company/bebro_baldai/","2026-08-04"
"uab-agla-164741529","https://www.baldininkai.org/gamintojas/uab-agla-164741529/","UAB ""AGLA""","UAB ""AGLA""","164741529","Vodonys","Vodonių K. 2","LT-40320","Klaipėda, Panevėžys, vakarų ir centrinė Lietuva","","+37068622156","public_phone","Kiti nestandartiniai baldai","https://get.data.gov.lt/datasets/gov/lsd/cl/ja_asmenys/JuridinisAsmuo/13650c1a-b395-4ad8-a466-17850f6f771a | https://get.data.gov.lt/datasets/gov/rc/ar/gyvenamojivietove/GyvenamojiVietove/e2d5722d-a0cf-4bce-be13-f6b2cbbf6f9c | https://rekvizitai.vz.lt/en/company/agla/","2026-08-04"
"nerijaus-bucio-imone-258888760","https://www.baldininkai.org/gamintojas/nerijaus-bucio-imone-258888760/","Nerijaus Bučio įmonė","Nerijaus Bučio įmonė","258888760","Lietuva","Žaslių g. 12","LT-56114","Visa Lietuva (miestas nenurodytas oficialiame šaltinyje)","","+37069962778","public_phone","Kiti nestandartiniai baldai","https://get.data.gov.lt/datasets/gov/lsd/cl/ja_asmenys/JuridinisAsmuo/138b38ce-dbe2-41f1-8313-af3f2c5e28db | https://rekvizitai.vz.lt/en/company/n_bucio/","2026-08-04"
"mb-esteto-baldai-306167137","https://www.baldininkai.org/gamintojas/mb-esteto-baldai-306167137/","MB Esteto baldai","MB Esteto baldai","306167137","Kaunas","Varnių g. 38","LT-48387","Kaunas ir šiaurės Lietuva","","+37065184453","public_phone","Kiti nestandartiniai baldai","https://get.data.gov.lt/datasets/gov/lsd/cl/ja_asmenys/JuridinisAsmuo/13bd20a4-4362-434b-9d3d-f3c035f3f9cc | https://get.data.gov.lt/datasets/gov/rc/ar/gyvenamojivietove/GyvenamojiVietove/58437361-d62a-4714-9b74-f07ae0b9d66b | https://rekvizitai.vz.lt/en/company/esteto_baldai/","2026-08-04"
"uab-ego-verus-300003654","https://www.baldininkai.org/gamintojas/uab-ego-verus-300003654/","UAB ""Ego verus""","UAB ""Ego verus""","300003654","Vilnius","Mileišiškių Sodų 3-IOJI g. 6","LT-10211","Vilnius, rytų ir pietų Lietuva","","+37060107071","public_phone","Kiti nestandartiniai baldai","https://get.data.gov.lt/datasets/gov/lsd/cl/ja_asmenys/JuridinisAsmuo/145e65aa-86cc-4a86-a7eb-399469aac5c5 | https://get.data.gov.lt/datasets/gov/rc/ar/gyvenamojivietove/GyvenamojiVietove/2646f0bc-39a9-4770-88bd-0a53b1c9b9bf | https://rekvizitai.vz.lt/en/company/ego_verus/","2026-08-04"
"mb-lurenos-baldai-305568967","https://www.baldininkai.org/gamintojas/mb-lurenos-baldai-305568967/","MB ""Lurenos baldai""","MB ""Lurenos baldai""","305568967","Plikiai","Klaipėdos g. 13","LT-96231","Klaipėda, Panevėžys, vakarų ir centrinė Lietuva","","+37063177050","public_phone","Kiti nestandartiniai baldai","https://get.data.gov.lt/datasets/gov/lsd/cl/ja_asmenys/JuridinisAsmuo/146d0920-b9af-4fca-bdb8-75a6ff1d6910 | https://get.data.gov.lt/datasets/gov/rc/ar/gyvenamojivietove/GyvenamojiVietove/0af923dd-067a-4863-b25d-287fb9ef808e | https://rekvizitai.vz.lt/en/company/lurenos_baldai/","2026-08-04"
"mb-re-baldai-306069853","https://www.baldininkai.org/gamintojas/mb-re-baldai-306069853/","MB ""Re baldai""","MB ""Re baldai""","306069853","Vilnius","Šiaurės g. 9","LT-11106","Vilnius, rytų ir pietų Lietuva","","+37060525612","public_phone","Kiti nestandartiniai baldai","https://get.data.gov.lt/datasets/gov/lsd/cl/ja_asmenys/JuridinisAsmuo/14cc7d91-eea1-4da9-a80e-12ca846bb2bb | https://get.data.gov.lt/datasets/gov/rc/ar/gyvenamojivietove/GyvenamojiVietove/2646f0bc-39a9-4770-88bd-0a53b1c9b9bf | https://rekvizitai.vz.lt/en/company/re_baldai/","2026-08-04"
"mb-milijonas-kampu-305236609","https://www.baldininkai.org/gamintojas/mb-milijonas-kampu-305236609/","MB ""Milijonas kampų""","MB ""Milijonas kampų""","305236609","Alytus","Seinų g. 3","LT-62163","Vilnius, rytų ir pietų Lietuva","","+37069229825","public_phone","Kiti nestandartiniai baldai","https://get.data.gov.lt/datasets/gov/lsd/cl/ja_asmenys/JuridinisAsmuo/152ce523-2904-4477-a11e-b3bba5b621b4 | https://get.data.gov.lt/datasets/gov/rc/ar/gyvenamojivietove/GyvenamojiVietove/21bbe639-b485-490c-8ab4-e58494826b8c | https://get.data.gov.lt/datasets/gov/rc/ar/adresai/Adresas/25c6773b-2593-48b5-8f40-bd9902a0ba76 | https://rekvizitai.vz.lt/en/company/milijonas_kampu/","2026-08-04"
"uab-korela-303022154","https://www.baldininkai.org/gamintojas/uab-korela-303022154/","UAB KORELA","UAB KORELA","303022154","Tyruliai","Žalgirio g. 9","LT-82466","Kaunas ir šiaurės Lietuva","","+37068694869","public_phone","Kiti nestandartiniai baldai","https://get.data.gov.lt/datasets/gov/lsd/cl/ja_asmenys/JuridinisAsmuo/153246f0-a399-41e3-a734-8d659f6a8012 | https://get.data.gov.lt/datasets/gov/rc/ar/gyvenamojivietove/GyvenamojiVietove/8f3601da-4356-4fa8-9aaa-a1e3aba105c4 | https://rekvizitai.vz.lt/en/company/korela/","2026-08-04"
"mb-tvm-furniture-307106831","https://www.baldininkai.org/gamintojas/mb-tvm-furniture-307106831/","MB TVM Furniture","MB TVM Furniture","307106831","Garliava","Liepų g. 33","LT-53243","Kaunas ir šiaurės Lietuva","","+37060391801","public_phone","Kiti nestandartiniai baldai","https://get.data.gov.lt/datasets/gov/lsd/cl/ja_asmenys/JuridinisAsmuo/153732e7-d1ff-4866-85cb-23cb252c9144 | https://get.data.gov.lt/datasets/gov/rc/ar/gyvenamojivietove/GyvenamojiVietove/248200e2-bdf4-414b-877d-3a151265eb80 | https://rekvizitai.vz.lt/en/company/tvm_furniture/","2026-08-04"
"mazoji-bendrija-dili-baldai-307059068","https://www.baldininkai.org/gamintojas/mazoji-bendrija-dili-baldai-307059068/","Mažoji bendrija Dili baldai","Mažoji bendrija Dili baldai","307059068","Gargždai","Skaidrioji g. 10","LT-96155","Klaipėda, Panevėžys, vakarų ir centrinė Lietuva","","+37069965438","public_phone","Kiti nestandartiniai baldai","https://get.data.gov.lt/datasets/gov/lsd/cl/ja_asmenys/JuridinisAsmuo/15d1b773-448e-48d6-a433-89b1b7115619 | https://get.data.gov.lt/datasets/gov/rc/ar/gyvenamojivietove/GyvenamojiVietove/8fb3e00c-b30a-4535-ae9d-8455257a748c | https://get.data.gov.lt/datasets/gov/rc/ar/adresai/Adresas/8a2f4bf2-8c3c-454a-9422-f23f8aa9dc75 | https://rekvizitai.vz.lt/en/company/dili_baldai/","2026-08-04"
"uab-narbutas-international-300591314","https://www.baldininkai.org/gamintojas/uab-narbutas-international-300591314/","UAB ""Narbutas International""","UAB ""Narbutas International""","300591314","Vilnius","Eitminų g. 3","LT-12113","Vilnius, rytų ir pietų Lietuva","","+37052107922","public_phone","Kiti nestandartiniai baldai","https://get.data.gov.lt/datasets/gov/lsd/cl/ja_asmenys/JuridinisAsmuo/1610ed41-120b-4f20-80ad-91da6a0a483a | https://get.data.gov.lt/datasets/gov/rc/ar/gyvenamojivietove/GyvenamojiVietove/2646f0bc-39a9-4770-88bd-0a53b1c9b9bf | https://get.data.gov.lt/datasets/gov/rc/jar/iregistruoti/JuridinisAsmuo | https://rekvizitai.vz.lt/en/company/narbutas_international/","2026-08-04"
"ideju-aleja-uab-302495535","https://www.baldininkai.org/gamintojas/ideju-aleja-uab-302495535/","Idėjų alėja, UAB","Idėjų alėja, UAB","302495535","Šiauliai","Kikilių g. 17","LT-76383","Kaunas ir šiaurės Lietuva","","+37061554549","public_phone","Kiti nestandartiniai baldai","https://get.data.gov.lt/datasets/gov/lsd/cl/ja_asmenys/JuridinisAsmuo/164300d1-abf9-48c9-9f3b-a4a97cebcaa7 | https://get.data.gov.lt/datasets/gov/rc/ar/gyvenamojivietove/GyvenamojiVietove/9b1ff39c-5eda-4bc1-ba79-03255d2dd750 | https://get.data.gov.lt/datasets/gov/rc/ar/adresai/Adresas/ad173e15-5572-4065-8279-10e6eba6aa8a | https://rekvizitai.vz.lt/en/company/ideju_aleja/","2026-08-04"
"uab-emona-lt-305201921","https://www.baldininkai.org/gamintojas/uab-emona-lt-305201921/","UAB ""Emona LT""","UAB ""Emona LT""","305201921","Kuliai","Naujoji g. 1","LT-90371","Kaunas ir šiaurės Lietuva","","+37067012813","public_phone","Kiti nestandartiniai baldai","https://get.data.gov.lt/datasets/gov/lsd/cl/ja_asmenys/JuridinisAsmuo/165f5070-9820-4138-8d5c-ec437c5dff1f | https://get.data.gov.lt/datasets/gov/rc/ar/gyvenamojivietove/GyvenamojiVietove/854e7f3e-c4f5-48fe-a393-ab017e7a4f07 | https://get.data.gov.lt/datasets/gov/rc/ar/adresai/Adresas/9ba2a277-e69a-490a-8abf-8d6b1025acd9 | https://rekvizitai.vz.lt/en/company/emona_lt/","2026-08-04"
"uab-arnitana-304171090","https://www.baldininkai.org/gamintojas/uab-arnitana-304171090/","UAB ""Arnitana""","UAB ""Arnitana""","304171090","Gailiūnai","Gailiūnų g. 22","LT-66381","Vilnius, rytų ir pietų Lietuva","","+37061657237","public_phone","Kiti nestandartiniai baldai","https://get.data.gov.lt/datasets/gov/lsd/cl/ja_asmenys/JuridinisAsmuo/1664bf69-7747-4ca1-83a3-64ccde4e666e | https://get.data.gov.lt/datasets/gov/rc/ar/gyvenamojivietove/GyvenamojiVietove/7fcc067a-2f75-4bb3-9a61-3a066b8490d6 | https://get.data.gov.lt/datasets/gov/rc/ar/adresai/Adresas/e9f5cb85-30a2-402c-b86b-74b2e7ec7856 | https://rekvizitai.vz.lt/en/company/arnitana/","2026-08-04"
"uab-forneris-300647357","https://www.baldininkai.org/gamintojas/uab-forneris-300647357/","UAB ""Forneris""","UAB ""Forneris""","300647357","Kaunas","Sedulų g. 4","LT-45487","Kaunas ir šiaurės Lietuva","","","no_public_contact_route","Kiti nestandartiniai baldai","https://get.data.gov.lt/datasets/gov/lsd/cl/ja_asmenys/JuridinisAsmuo/16ce77d7-8726-49f3-94d0-6f77dd95fbe4 | https://get.data.gov.lt/datasets/gov/rc/ar/gyvenamojivietove/GyvenamojiVietove/58437361-d62a-4714-9b74-f07ae0b9d66b | https://get.data.gov.lt/datasets/gov/rc/ar/adresai/Adresas/cfe20525-fca5-40e7-89e1-efb79bd28f5c","2026-08-04"
"uzdaroji-akcine-bendrove-marijampoles-komprojektas-251237590","https://www.baldininkai.org/gamintojas/uzdaroji-akcine-bendrove-marijampoles-komprojektas-251237590/","Uždaroji akcinė bendrovė ""Marijampolės komprojektas""","Uždaroji akcinė bendrovė ""Marijampolės komprojektas""","251237590","Karmėlava","Baldininkų g. 15","LT-54448","Kaunas ir šiaurės Lietuva","","+37065233617","public_phone","Kiti nestandartiniai baldai","https://get.data.gov.lt/datasets/gov/lsd/cl/ja_asmenys/JuridinisAsmuo/1713d1bf-4f65-4a26-ad92-b67499e43e93 | https://get.data.gov.lt/datasets/gov/rc/ar/gyvenamojivietove/GyvenamojiVietove/4e3f67cd-9e28-4bce-a93d-f1b11fab6779 | https://get.data.gov.lt/datasets/gov/rc/ar/adresai/Adresas/f1a284a8-81a7-47a0-ace7-fb08349f7f99 | https://rekvizitai.vz.lt/en/company/marijampoles_komprojektas/","2026-08-04"
"uzdaroji-akcine-bendrove-zbiga-123645712","https://www.baldininkai.org/gamintojas/uzdaroji-akcine-bendrove-zbiga-123645712/","Uždaroji akcinė bendrovė ""ZBIGA""","Uždaroji akcinė bendrovė ""ZBIGA""","123645712","Riešė","Beržų g. 2B","LT-14266","Vilnius, rytų ir pietų Lietuva","","","no_public_contact_route","Kiti nestandartiniai baldai","https://get.data.gov.lt/datasets/gov/lsd/cl/ja_asmenys/JuridinisAsmuo/1714d119-b4c2-4e15-88e5-b6f4d494134b | https://get.data.gov.lt/datasets/gov/rc/ar/gyvenamojivietove/GyvenamojiVietove/3abe4440-0301-4f48-b2c3-f8e20957bded | https://get.data.gov.lt/datasets/gov/rc/ar/adresai/Adresas/8ec5a590-1894-49f5-9d29-e4f49d0655c7","2026-08-04"
"mb-45-kampai-306125063","https://www.baldininkai.org/gamintojas/mb-45-kampai-306125063/","MB ""45 kampai""","MB ""45 kampai""","306125063","Kaunas","Europos pr. 28","LT-46326","Kaunas ir šiaurės Lietuva","","+37067995055","public_phone","Kiti nestandartiniai baldai","https://get.data.gov.lt/datasets/gov/lsd/cl/ja_asmenys/JuridinisAsmuo/17221163-a7cb-4c60-a543-eaf03ca80a2c | https://get.data.gov.lt/datasets/gov/rc/ar/gyvenamojivietove/GyvenamojiVietove/58437361-d62a-4714-9b74-f07ae0b9d66b | https://rekvizitai.vz.lt/en/company/45_kampai/","2026-08-04"
"uab-timo-verslas-135053451","https://www.baldininkai.org/gamintojas/uab-timo-verslas-135053451/","UAB ""Timo verslas""","UAB ""Timo verslas""","135053451","Lipliūnai","Tuopų g. 1B","LT-57102","Klaipėda, Panevėžys, vakarų ir centrinė Lietuva","","","no_public_contact_route","Kiti nestandartiniai baldai","https://get.data.gov.lt/datasets/gov/lsd/cl/ja_asmenys/JuridinisAsmuo/1731e9e2-f18b-422e-8e6a-ad74d36b1da4 | https://get.data.gov.lt/datasets/gov/rc/ar/gyvenamojivietove/GyvenamojiVietove/58ff770c-cd40-4cd3-aa7b-6cfd23b5d980 | https://get.data.gov.lt/datasets/gov/rc/ar/adresai/Adresas/f1f42667-a0b0-46bb-9ba6-c441651e498a","2026-08-04"
"uab-visokie-baldai-307086574","https://www.baldininkai.org/gamintojas/uab-visokie-baldai-307086574/","UAB Visokie baldai","UAB Visokie baldai","307086574","Vilnius","Vandentiekio g. 34","LT-03152","Vilnius, rytų ir pietų Lietuva","","+37067563762","public_phone","Kiti nestandartiniai baldai","https://get.data.gov.lt/datasets/gov/lsd/cl/ja_asmenys/JuridinisAsmuo/17573ad0-3a57-4588-bf6d-d583a52c9c2e | https://get.data.gov.lt/datasets/gov/rc/ar/gyvenamojivietove/GyvenamojiVietove/2646f0bc-39a9-4770-88bd-0a53b1c9b9bf | https://rekvizitai.vz.lt/en/company/visokie_baldai/","2026-08-04"
"uab-lacio-302539095","https://www.baldininkai.org/gamintojas/uab-lacio-302539095/","UAB ""Lacio""","UAB ""Lacio""","302539095","Jonava","Kęstučio g. 13","LT-55156","Kaunas ir šiaurės Lietuva","","+37068262583","public_phone","Kiti nestandartiniai baldai","https://get.data.gov.lt/datasets/gov/lsd/cl/ja_asmenys/JuridinisAsmuo/178138db-17da-45f0-89ae-e45fe77681cb | https://get.data.gov.lt/datasets/gov/rc/ar/gyvenamojivietove/GyvenamojiVietove/ee291b6f-3524-4fa1-96c1-1d73950cdb0b | https://get.data.gov.lt/datasets/gov/rc/ar/adresai/Adresas/6c4cd700-a6d4-46f7-bc8f-cdac94a1f2aa | https://rekvizitai.vz.lt/en/company/lacio/","2026-08-04"
"mazoji-bendrija-valdo-projektai-305684562","https://www.baldininkai.org/gamintojas/mazoji-bendrija-valdo-projektai-305684562/","Mažoji bendrija Valdo projektai","Mažoji bendrija Valdo projektai","305684562","Klaipėda","Gudobelių g. 9","LT-92357","Klaipėda, Panevėžys, vakarų ir centrinė Lietuva","","+37068711667","public_phone","Kiti nestandartiniai baldai","https://get.data.gov.lt/datasets/gov/lsd/cl/ja_asmenys/JuridinisAsmuo/1798dec9-fd48-431c-887e-0e0ae13d9524 | https://get.data.gov.lt/datasets/gov/rc/ar/gyvenamojivietove/GyvenamojiVietove/ecd017de-4285-4f24-974a-9d2eacfb5eab | https://get.data.gov.lt/datasets/gov/rc/ar/adresai/Adresas/c62814f0-f80e-4b2a-87c1-ed46c985bd3a | https://rekvizitai.vz.lt/en/company/valdo_projektai/","2026-08-04"
"uab-lukandra-135871110","https://www.baldininkai.org/gamintojas/uab-lukandra-135871110/","UAB ""Lukandra""","UAB ""Lukandra""","135871110","Kaunas","Neries krant. 16","LT-48402","Kaunas ir šiaurės Lietuva","","+37037563802","public_phone","Kiti nestandartiniai baldai","https://get.data.gov.lt/datasets/gov/lsd/cl/ja_asmenys/JuridinisAsmuo/179eb4b8-19b0-47ec-ade4-3896a417e89d | https://get.data.gov.lt/datasets/gov/rc/ar/gyvenamojivietove/GyvenamojiVietove/58437361-d62a-4714-9b74-f07ae0b9d66b | https://get.data.gov.lt/datasets/gov/rc/ar/adresai/Adresas/d09fa89d-2c34-4375-9fb8-8040d9f30833 | https://rekvizitai.vz.lt/en/company/lukandra/","2026-08-04"
"mb-armiba-306365293","https://www.baldininkai.org/gamintojas/mb-armiba-306365293/","MB ""Armiba""","MB ""Armiba""","306365293","Dainos","Švendrelio g. 1","LT-77210","Kaunas ir šiaurės Lietuva","","+37068328165","public_phone","Kiti nestandartiniai baldai","https://get.data.gov.lt/datasets/gov/lsd/cl/ja_asmenys/JuridinisAsmuo/17aa422e-72b3-4cac-8407-e8520f67d436 | https://get.data.gov.lt/datasets/gov/rc/ar/gyvenamojivietove/GyvenamojiVietove/3421039b-f1f2-4e7f-ace9-e044b9d016d1 | https://get.data.gov.lt/datasets/gov/rc/ar/adresai/Adresas/5aef415b-c291-4d25-a0f3-48740d24f9bd | https://rekvizitai.vz.lt/en/company/armiba/","2026-08-04"
"uab-baldu-tonas-304048440","https://www.baldininkai.org/gamintojas/uab-baldu-tonas-304048440/","UAB ""Baldų tonas""","UAB ""Baldų tonas""","304048440","Didžiosios Kabiškės","Nemenčinės g. 32","LT-15153","Vilnius, rytų ir pietų Lietuva","","+37068304583","public_phone","Kiti nestandartiniai baldai","https://get.data.gov.lt/datasets/gov/lsd/cl/ja_asmenys/JuridinisAsmuo/17d4743d-4af4-4799-89ac-fccac52fda65 | https://get.data.gov.lt/datasets/gov/rc/ar/gyvenamojivietove/GyvenamojiVietove/f2562716-7c65-471e-b93d-5bc35c4703e0 | https://get.data.gov.lt/datasets/gov/rc/ar/adresai/Adresas/ebe9d25e-4e27-43aa-beba-95e5f54886dd | https://rekvizitai.vz.lt/en/company/baldu_tonas/","2026-08-04"
"mb-stilo-baldai-303056929","https://www.baldininkai.org/gamintojas/mb-stilo-baldai-303056929/","MB ""Stilo baldai""","MB ""Stilo baldai""","303056929","Prienai","Vilniaus g. 24","LT-59115","Kaunas ir šiaurės Lietuva","","+37067753439","public_phone","Kiti nestandartiniai baldai","https://get.data.gov.lt/datasets/gov/lsd/cl/ja_asmenys/JuridinisAsmuo/17eb3411-80ad-460d-ad3e-f59a45adee4c | https://get.data.gov.lt/datasets/gov/rc/ar/gyvenamojivietove/GyvenamojiVietove/291a93c7-5b5b-46aa-be1f-222388cf2636 | https://get.data.gov.lt/datasets/gov/rc/ar/adresai/Adresas/5d589c9b-3fc4-4aa8-8103-17eb0cf88ceb | https://rekvizitai.vz.lt/en/company/stilo_baldai/","2026-08-04"
"uzdaroji-akcine-bendrove-balresta-123915741","https://www.baldininkai.org/gamintojas/uzdaroji-akcine-bendrove-balresta-123915741/","Uždaroji akcinė bendrovė ""BALRESTA""","Uždaroji akcinė bendrovė ""BALRESTA""","123915741","Vilnius","Vytenio g. 50","LT-03229","Vilnius, rytų ir pietų Lietuva","","+37052620773","public_phone","Kiti nestandartiniai baldai","https://get.data.gov.lt/datasets/gov/lsd/cl/ja_asmenys/JuridinisAsmuo/1830665c-1ecf-4d86-b143-ca3499afab8d | https://get.data.gov.lt/datasets/gov/rc/ar/gyvenamojivietove/GyvenamojiVietove/2646f0bc-39a9-4770-88bd-0a53b1c9b9bf | https://get.data.gov.lt/datasets/gov/rc/ar/adresai/Adresas/cca52401-fd89-4dda-ab9c-8672e73b52cb | https://rekvizitai.vz.lt/en/company/balresta/","2026-08-04"
"uab-vilgma-gi-302678383","https://www.baldininkai.org/gamintojas/uab-vilgma-gi-302678383/","UAB VILGMA GI","UAB VILGMA GI","302678383","Šiauduva","Maironio g. 17","LT-75381","Kaunas ir šiaurės Lietuva","","","no_public_contact_route","Kiti nestandartiniai baldai","https://get.data.gov.lt/datasets/gov/lsd/cl/ja_asmenys/JuridinisAsmuo/18507f13-0a6b-4926-aa83-fc92401878bc | https://get.data.gov.lt/datasets/gov/rc/ar/gyvenamojivietove/GyvenamojiVietove/f71cd4af-d473-4bc8-a8f7-2c135c01bded | https://get.data.gov.lt/datasets/gov/rc/ar/adresai/Adresas/29882d38-1f9a-4a87-a83f-f9c9cd8f115c","2026-08-04"
"uab-laisves-baldai-302563491","https://www.baldininkai.org/gamintojas/uab-laisves-baldai-302563491/","UAB ""Laisvės baldai""","UAB ""Laisvės baldai""","302563491","Vilnius","Verbiškių 2-OJI g. 2","LT-15140","Vilnius, rytų ir pietų Lietuva","","+37061402748","public_phone","Kiti nestandartiniai baldai","https://get.data.gov.lt/datasets/gov/lsd/cl/ja_asmenys/JuridinisAsmuo/187ec089-55d0-4c81-ac44-1e0471330836 | https://get.data.gov.lt/datasets/gov/rc/ar/gyvenamojivietove/GyvenamojiVietove/2646f0bc-39a9-4770-88bd-0a53b1c9b9bf | https://rekvizitai.vz.lt/en/company/klipas/","2026-08-04"
"uab-cps-engineering-300085719","https://www.baldininkai.org/gamintojas/uab-cps-engineering-300085719/","UAB ""CPS Engineering""","UAB ""CPS Engineering""","300085719","Vilnius","Šeimyniškių g. 38","LT-09200","Vilnius, rytų ir pietų Lietuva","","+37067054370","public_phone","Kiti nestandartiniai baldai","https://get.data.gov.lt/datasets/gov/lsd/cl/ja_asmenys/JuridinisAsmuo/18f072c7-0105-466c-95c5-5c77294deb32 | https://get.data.gov.lt/datasets/gov/rc/ar/gyvenamojivietove/GyvenamojiVietove/2646f0bc-39a9-4770-88bd-0a53b1c9b9bf | https://rekvizitai.vz.lt/en/company/cps_engineering/","2026-08-04"
"uab-ar-studio-300657700","https://www.baldininkai.org/gamintojas/uab-ar-studio-300657700/","UAB ""AR - STUDIO""","UAB ""AR - STUDIO""","300657700","Vilnius","Šermukšnių g. 1","LT-01106","Vilnius, rytų ir pietų Lietuva","","+37061033663","public_phone","Kiti nestandartiniai baldai","https://get.data.gov.lt/datasets/gov/lsd/cl/ja_asmenys/JuridinisAsmuo/19243bf1-b70c-4ac2-a275-b904591509f6 | https://get.data.gov.lt/datasets/gov/rc/ar/gyvenamojivietove/GyvenamojiVietove/2646f0bc-39a9-4770-88bd-0a53b1c9b9bf | https://rekvizitai.vz.lt/en/company/uab_ar_studio/","2026-08-04"
"mb-alfo-statybos-305393037","https://www.baldininkai.org/gamintojas/mb-alfo-statybos-305393037/","MB ""Alfo statybos""","MB ""Alfo statybos""","305393037","Aunuvėnai","Luokės g. 26","LT-86369","Kaunas ir šiaurės Lietuva","","","no_public_contact_route","Kiti nestandartiniai baldai","https://get.data.gov.lt/datasets/gov/lsd/cl/ja_asmenys/JuridinisAsmuo/192b7ce8-4f84-4d34-965b-6038e7f83f06 | https://get.data.gov.lt/datasets/gov/rc/ar/gyvenamojivietove/GyvenamojiVietove/039b004d-53b4-4635-a9cb-1b121c129bc8 | https://get.data.gov.lt/datasets/gov/rc/ar/adresai/Adresas/1626272a-c9f4-418d-87df-62e6ec821829","2026-08-04"
"uab-inovacijos-ir-sprendimai-300832459","https://www.baldininkai.org/gamintojas/uab-inovacijos-ir-sprendimai-300832459/","UAB ""Inovacijos ir sprendimai""","UAB ""Inovacijos ir sprendimai""","300832459","Vilnius","Ratnyčios g. 58","LT-08215","Vilnius, rytų ir pietų Lietuva","","","no_public_contact_route","Kiti nestandartiniai baldai","https://get.data.gov.lt/datasets/gov/lsd/cl/ja_asmenys/JuridinisAsmuo/192e486f-6782-4dcc-9576-b39cb3188fa3 | https://get.data.gov.lt/datasets/gov/rc/ar/gyvenamojivietove/GyvenamojiVietove/2646f0bc-39a9-4770-88bd-0a53b1c9b9bf | https://get.data.gov.lt/datasets/gov/rc/ar/adresai/Adresas/599a7fce-637a-48fa-851a-9b871d69e7a4","2026-08-04"
"mb-virtnora-306236409","https://www.baldininkai.org/gamintojas/mb-virtnora-306236409/","MB ""Virtnora""","MB ""Virtnora""","306236409","Klaipėda","I. Kanto g. 8","LT-92235","Klaipėda, Panevėžys, vakarų ir centrinė Lietuva","","+37060153277","public_phone","Kiti nestandartiniai baldai","https://get.data.gov.lt/datasets/gov/lsd/cl/ja_asmenys/JuridinisAsmuo/193eb5c4-3fab-4831-9a7f-1f86311aed30 | https://get.data.gov.lt/datasets/gov/rc/ar/gyvenamojivietove/GyvenamojiVietove/ecd017de-4285-4f24-974a-9d2eacfb5eab | https://rekvizitai.vz.lt/en/company/virtnora/","2026-08-04"
"uab-dimantra-304985961","https://www.baldininkai.org/gamintojas/uab-dimantra-304985961/","UAB ""Dimantra""","UAB ""Dimantra""","304985961","Prūsaliai","Liepų g. 17B","LT-90101","Kaunas ir šiaurės Lietuva","","+37068630281","public_phone","Kiti nestandartiniai baldai","https://get.data.gov.lt/datasets/gov/lsd/cl/ja_asmenys/JuridinisAsmuo/194fbaa3-7732-423c-bd32-19ec3da8fc5c | https://get.data.gov.lt/datasets/gov/rc/ar/gyvenamojivietove/GyvenamojiVietove/02ae58af-9bce-4467-8f81-25b082cfbd4f | https://get.data.gov.lt/datasets/gov/rc/ar/adresai/Adresas/d329dc9f-7645-4019-9059-6e8413fa29dd | https://rekvizitai.vz.lt/en/company/dimantra/","2026-08-04"
"uab-eltino-302526443","https://www.baldininkai.org/gamintojas/uab-eltino-302526443/","UAB ""ELTINO""","UAB ""ELTINO""","302526443","Vilnius","Verkių g. 39","LT-09109","Vilnius, rytų ir pietų Lietuva","","+37065506564","public_phone","Kiti nestandartiniai baldai","https://get.data.gov.lt/datasets/gov/lsd/cl/ja_asmenys/JuridinisAsmuo/1977aee7-6c02-4d43-a4c2-611c2ce242c7 | https://get.data.gov.lt/datasets/gov/rc/ar/gyvenamojivietove/GyvenamojiVietove/2646f0bc-39a9-4770-88bd-0a53b1c9b9bf | https://rekvizitai.vz.lt/en/company/uab_eltino/","2026-08-04"
"uab-skaisteriai-nt-304418854","https://www.baldininkai.org/gamintojas/uab-skaisteriai-nt-304418854/","UAB ""Skaisteriai NT""","UAB ""Skaisteriai NT""","304418854","Skaisteriai","Skaisterių g. 2C","LT-13118","Vilnius, rytų ir pietų Lietuva","","+37068571762","public_phone","Kiti nestandartiniai baldai","https://get.data.gov.lt/datasets/gov/lsd/cl/ja_asmenys/JuridinisAsmuo/19ecc3d7-093e-4193-9447-6a6813dcc134 | https://get.data.gov.lt/datasets/gov/rc/ar/gyvenamojivietove/GyvenamojiVietove/0ec8a05f-1b1e-4e13-9105-6e8736263437 | https://get.data.gov.lt/datasets/gov/rc/ar/adresai/Adresas/6174dffe-02e4-46a4-9848-ea018e22d34f | https://rekvizitai.vz.lt/en/company/skaisteriai_nt/","2026-08-04"
